protein_id,feature,isoform_id,start,end,note
P59636,CHAIN,,1.0,98.0,ORF9b protein
P59636,DOMAIN,,9.0,98.0,9b
P59636,MOTIF,,46.0,54.0,Nuclear export signal
P59636,VARIANT,,58.0,,A -> V (in strain: Isolate TWK)
P59636,STRAND,,14.0,23.0,
P59636,STRAND,,42.0,47.0,
P59636,STRAND,,54.0,60.0,
P59636,STRAND,,65.0,67.0,
P59636,STRAND,,69.0,74.0,
P59636,HELIX,,85.0,87.0,
P59636,STRAND,,90.0,97.0,
P59594,SIGNAL,,1.0,13.0,
P59594,CHAIN,,14.0,1255.0,Spike glycoprotein
P59594,CHAIN,,14.0,667.0,Spike protein S1
P59594,CHAIN,,668.0,1255.0,Spike protein S2
P59594,CHAIN,,798.0,1255.0,Spike protein S2'
P59594,TOPO_DOM,,14.0,1195.0,Extracellular
P59594,TRANSMEM,,1196.0,1216.0,Helical
P59594,TOPO_DOM,,1217.0,1255.0,Cytoplasmic
P59594,DOMAIN,,14.0,290.0,BetaCoV S1-NTD
P59594,DOMAIN,,321.0,513.0,BetaCoV S1-CTD
P59594,REGION,,306.0,527.0,Receptor-binding domain (RBD)
P59594,REGION,,424.0,494.0,Receptor-binding motif; binding to human ACE2
P59594,REGION,,798.0,819.0,Fusion peptide 1
P59594,REGION,,817.0,837.0,Fusion peptide 2
P59594,REGION,,902.0,952.0,Heptad repeat 1
P59594,REGION,,1145.0,1184.0,Heptad repeat 2
P59594,COILED,,931.0,975.0,
P59594,COILED,,1157.0,1185.0,
P59594,MOTIF,,1251.0,1255.0,KxHxx
P59594,SITE,,667.0,668.0,Cleavage
P59594,SITE,,797.0,798.0,Cleavage
P59594,CARBOHYD,,29.0,,N-linked (GlcNAc...) asparagine; by host
P59594,CARBOHYD,,65.0,,N-linked (GlcNAc...) asparagine; by host
P59594,CARBOHYD,,73.0,,N-linked (GlcNAc...) asparagine; by host
P59594,CARBOHYD,,109.0,,N-linked (GlcNAc...) asparagine; by host
P59594,CARBOHYD,,118.0,,N-linked (GlcNAc...) asparagine; by host
P59594,CARBOHYD,,119.0,,N-linked (GlcNAc...) asparagine; by host
P59594,CARBOHYD,,158.0,,N-linked (GlcNAc...) asparagine; by host
P59594,CARBOHYD,,227.0,,N-linked (GlcNAc...) asparagine; by host
P59594,CARBOHYD,,269.0,,N-linked (GlcNAc...) asparagine; by host
P59594,CARBOHYD,,318.0,,N-linked (GlcNAc...) asparagine; by host
P59594,CARBOHYD,,330.0,,N-linked (GlcNAc...) asparagine; by host
P59594,CARBOHYD,,357.0,,N-linked (GlcNAc...) asparagine; by host
P59594,CARBOHYD,,589.0,,N-linked (GlcNAc...) asparagine; by host
P59594,CARBOHYD,,602.0,,N-linked (GlcNAc...) asparagine; by host
P59594,CARBOHYD,,691.0,,N-linked (GlcNAc...) asparagine; by host
P59594,CARBOHYD,,699.0,,N-linked (GlcNAc...) asparagine; by host
P59594,CARBOHYD,,783.0,,N-linked (GlcNAc...) asparagine; by host
P59594,CARBOHYD,,1056.0,,N-linked (GlcNAc...) asparagine; by host
P59594,CARBOHYD,,1080.0,,N-linked (GlcNAc...) asparagine; by host
P59594,CARBOHYD,,1116.0,,N-linked (GlcNAc...) asparagine; by host
P59594,CARBOHYD,,1140.0,,N-linked (GlcNAc...) asparagine; by host
P59594,CARBOHYD,,1155.0,,N-linked (GlcNAc...) asparagine; by host
P59594,CARBOHYD,,1176.0,,N-linked (GlcNAc...) asparagine; by host
P59594,DISULFID,,19.0,133.0,
P59594,DISULFID,,128.0,159.0,
P59594,DISULFID,,278.0,288.0,
P59594,DISULFID,,323.0,348.0,
P59594,DISULFID,,366.0,419.0,
P59594,DISULFID,,378.0,511.0,
P59594,DISULFID,,822.0,833.0,
P59594,VARIANT,,49.0,,S -> L (in strain: Isolate GZ50)
P59594,VARIANT,,77.0,,"G -> D (in strain: Isolate BJ01, Isolate BJ02, Isolate BJ03, Isolate GZ50, Isolate CUHK-W1, Isolate HKU- 36871, Isolate GD01, Isolate GD03 and Isolate SZ3)"
P59594,VARIANT,,78.0,,N -> D (in strain: Isolate GD03)
P59594,VARIANT,,118.0,,N -> S (in strain: Isolate Shanghai LY)
P59594,VARIANT,,139.0,,A -> V (in strain: Isolate GD03)
P59594,VARIANT,,144.0,,M -> L (in strain: Isolate BJ03)
P59594,VARIANT,,147.0,,Q -> R (in strain: Isolate GD03)
P59594,VARIANT,,193.0,,F -> S (in strain: Isolate Shanghai LY)
P59594,VARIANT,,227.0,,N -> K (in strain: Isolate SZ3)
P59594,VARIANT,,239.0,,S -> L (in strain: Isolate GD01 and Isolate SZ3)
P59594,VARIANT,,244.0,,"I -> T (in strain: Isolate BJ01, Isolate BJ02, Isolate BJ03, Isolate BJ04, Isolate GZ50, Isolate CUHK-W1, Isolate HKU-36871, Isolate GD01, Isolate GD03 and Isolate SZ3)"
P59594,VARIANT,,261.0,,T -> K (in strain: Isolate SZ3)
P59594,VARIANT,,311.0,,G -> R (in strain: Isolate GD01 and Isolate BJ02)
P59594,VARIANT,,344.0,,"K -> R (in strain: Isolate GD01, Isolate GD03 and Isolate SZ3; no effect on affinity with either human or palm civet ACE2)"
P59594,VARIANT,,360.0,,F -> S (in strain: Isolate GD03 and Isolate SZ3; no effect on affinity with either human or palm civet ACE2)
P59594,VARIANT,,426.0,,R -> G (in strain: Isolate Shanghai LY)
P59594,VARIANT,,437.0,,N -> D (in strain: Isolate Shanghai LY)
P59594,VARIANT,,472.0,,L -> P (in strain: Isolate GD03)
P59594,VARIANT,,479.0,,N -> K (in strain: Isolate SZ3; 20fold decrease of affinity with human ACE2; no effect on affinity with palm civet ACE2)
P59594,VARIANT,,480.0,,D -> G (in strain: Isolate GD03)
P59594,VARIANT,,487.0,,T -> S (in strain: Isolate GD03 and Isolate SZ3; 20fold decrease of affinity with human ACE2; decrease of affinity with palm civet ACE2)
P59594,VARIANT,,501.0,,F -> Y (in strain: Isolate GD01)
P59594,VARIANT,,577.0,,S -> A (in strain: Isolate Tor2 and Isolate Shanghai QXC1)
P59594,VARIANT,,605.0,,D -> N (in strain: Isolate Shanghai QXC1)
P59594,VARIANT,,607.0,,S -> P (in strain: Isolate SZ3)
P59594,VARIANT,,608.0,,T -> A (in strain: Isolate Shanghai QXC1)
P59594,VARIANT,,609.0,,A -> L (in strain: Isolate GD03)
P59594,VARIANT,,613.0,,D -> E (in strain: Isolate GD03)
P59594,VARIANT,,665.0,,L -> S (in strain: Isolate GD03 and Isolate SZ3)
P59594,VARIANT,,701.0,,S -> L (in strain: Isolate SZ3)
P59594,VARIANT,,743.0,,T -> A (in strain: Isolate SZ3)
P59594,VARIANT,,743.0,,T -> R (in strain: Isolate GD03)
P59594,VARIANT,,754.0,,A -> V (in strain: Isolate SZ3)
P59594,VARIANT,,765.0,,A -> V (in strain: Isolate GD03)
P59594,VARIANT,,778.0,,"Y -> D (in strain: Isolate GD01, Isolate GZ50, Isolate GD03 and Isolate SZ3)"
P59594,VARIANT,,794.0,,P -> S (in strain: Isolate GD01)
P59594,VARIANT,,804.0,,L -> P (in strain: Isolate Shanghai LY)
P59594,VARIANT,,860.0,861.0,VS -> LR (in strain: Isolate BJ03)
P59594,VARIANT,,894.0,,T -> A (in strain: Isolate SZ3)
P59594,VARIANT,,999.0,,E -> G (in strain: Isolate Shanghai LY)
P59594,VARIANT,,1001.0,,R -> M (in strain: Isolate BJ04)
P59594,VARIANT,,1132.0,,E -> G (in strain: Isolate Shanghai QXC1)
P59594,VARIANT,,1148.0,,L -> F (in strain: Isolate Frankfurt 1 and Isolate FRA)
P59594,VARIANT,,1163.0,,K -> E (in strain: Isolate GD03 and Isolate SZ3)
P59594,MUTAGEN,,323.0,,C->A: No effect on human ACE2 binding in vitro.
P59594,MUTAGEN,,348.0,,C->A: Complete loss of human ACE2 binding in vitro.
P59594,MUTAGEN,,452.0,,E->A: 90% loss of human ACE2 binding in vitro.
P59594,MUTAGEN,,454.0,,D->A: Complete loss of human ACE2 binding in vitro.
P59594,MUTAGEN,,463.0,,D->A: Partial loss of human ACE2 binding in vitro.
P59594,MUTAGEN,,467.0,,C->A: Complete loss of human ACE2 binding in vitro.
P59594,MUTAGEN,,474.0,,C->A: Complete loss of human ACE2 binding in vitro.
P59594,MUTAGEN,,480.0,,D->A: No effect on human ACE2 binding in vitro.
P59594,MUTAGEN,,667.0,,R->S: 40% loss of cell-cell fusion.
P59594,MUTAGEN,,672.0,,K->S: No effect on cell-cell fusion.
P59594,MUTAGEN,,797.0,,R->N: Complete loss of trypsin-induced membrane fusion.
P59594,MUTAGEN,,1251.0,,"K->A: Decrease in Golgi localization, and complete loss of COPI binding; when associated with A-1253."
P59594,MUTAGEN,,1253.0,,"H->A: Decrease in Golgi localization, and complete loss of COPI binding; when associated with A-1251."
P59594,STRAND,,31.0,34.0,
P59594,STRAND,,37.0,41.0,
P59594,STRAND,,44.0,48.0,
P59594,STRAND,,50.0,59.0,
P59594,STRAND,,65.0,72.0,
P59594,STRAND,,73.0,75.0,
P59594,STRAND,,87.0,95.0,
P59594,STRAND,,100.0,111.0,
P59594,STRAND,,113.0,118.0,
P59594,STRAND,,123.0,141.0,
P59594,TURN,,142.0,144.0,
P59594,STRAND,,146.0,164.0,
P59594,STRAND,,177.0,190.0,
P59594,STRAND,,193.0,208.0,
P59594,STRAND,,216.0,222.0,
P59594,STRAND,,229.0,239.0,
P59594,STRAND,,250.0,256.0,
P59594,STRAND,,258.0,266.0,
P59594,STRAND,,268.0,270.0,
P59594,STRAND,,272.0,277.0,
P59594,TURN,,282.0,288.0,
P59594,STRAND,,297.0,299.0,
P59594,STRAND,,310.0,312.0,
P59594,HELIX,,326.0,329.0,
P59594,HELIX,,337.0,339.0,
P59594,STRAND,,341.0,345.0,
P59594,STRAND,,347.0,349.0,
P59594,HELIX,,352.0,354.0,
P59594,STRAND,,362.0,368.0,
P59594,HELIX,,371.0,378.0,
P59594,STRAND,,380.0,390.0,
P59594,HELIX,,391.0,396.0,
P59594,STRAND,,397.0,400.0,
P59594,HELIX,,404.0,408.0,
P59594,STRAND,,414.0,416.0,
P59594,STRAND,,418.0,424.0,
P59594,HELIX,,426.0,429.0,
P59594,STRAND,,431.0,433.0,
P59594,STRAND,,439.0,441.0,
P59594,STRAND,,462.0,464.0,
P59594,STRAND,,471.0,473.0,
P59594,STRAND,,478.0,480.0,
P59594,STRAND,,483.0,487.0,
P59594,HELIX,,489.0,491.0,
P59594,STRAND,,492.0,501.0,
P59594,STRAND,,509.0,511.0,
P59594,STRAND,,523.0,527.0,
P59594,STRAND,,536.0,540.0,
P59594,STRAND,,551.0,563.0,
P59594,TURN,,565.0,567.0,
P59594,STRAND,,570.0,574.0,
P59594,STRAND,,583.0,585.0,
P59594,TURN,,588.0,590.0,
P59594,STRAND,,596.0,599.0,
P59594,HELIX,,604.0,610.0,
P59594,TURN,,611.0,613.0,
P59594,STRAND,,615.0,617.0,
P59594,STRAND,,628.0,631.0,
P59594,STRAND,,635.0,638.0,
P59594,STRAND,,640.0,646.0,
P59594,STRAND,,649.0,653.0,
P59594,STRAND,,656.0,659.0,
P59594,STRAND,,675.0,678.0,
P59594,STRAND,,682.0,685.0,
P59594,STRAND,,691.0,698.0,
P59594,STRAND,,704.0,710.0,
P59594,STRAND,,716.0,718.0,
P59594,HELIX,,720.0,725.0,
P59594,HELIX,,730.0,735.0,
P59594,HELIX,,736.0,738.0,
P59594,STRAND,,740.0,744.0,
P59594,HELIX,,745.0,764.0,
P59594,STRAND,,768.0,771.0,
P59594,HELIX,,773.0,777.0,
P59594,STRAND,,778.0,781.0,
P59594,TURN,,785.0,787.0,
P59594,STRAND,,790.0,792.0,
P59594,STRAND,,794.0,797.0,
P59594,HELIX,,799.0,806.0,
P59594,HELIX,,813.0,817.0,
P59594,STRAND,,820.0,823.0,
P59594,STRAND,,832.0,834.0,
P59594,STRAND,,837.0,842.0,
P59594,HELIX,,849.0,865.0,
P59594,HELIX,,869.0,872.0,
P59594,HELIX,,880.0,891.0,
P59594,STRAND,,898.0,900.0,
P59594,HELIX,,915.0,948.0,
P59594,HELIX,,959.0,963.0,
P59594,TURN,,964.0,969.0,
P59594,HELIX,,971.0,1013.0,
P59594,TURN,,1014.0,1016.0,
P59594,STRAND,,1027.0,1032.0,
P59594,STRAND,,1035.0,1038.0,
P59594,STRAND,,1041.0,1048.0,
P59594,STRAND,,1054.0,1059.0,
P59594,STRAND,,1061.0,1063.0,
P59594,STRAND,,1066.0,1068.0,
P59594,STRAND,,1070.0,1074.0,
P59594,STRAND,,1078.0,1080.0,
P59594,STRAND,,1083.0,1086.0,
P59594,STRAND,,1089.0,1091.0,
P59594,STRAND,,1101.0,1111.0,
P59594,STRAND,,1114.0,1116.0,
P59594,HELIX,,1148.0,1151.0,
P59594,HELIX,,1162.0,1172.0,
P59594,HELIX,,1173.0,1178.0,
P59594,HELIX,,1182.0,1192.0,
P59595,CHAIN,,1.0,422.0,Nucleoprotein
P59595,DOMAIN,,49.0,176.0,CoV N NTD
P59595,DOMAIN,,248.0,365.0,CoV N CTD
P59595,REGION,,1.0,52.0,Disordered
P59595,REGION,,42.0,187.0,RNA-binding
P59595,REGION,,45.0,181.0,RNA-binding
P59595,REGION,,167.0,214.0,Disordered
P59595,REGION,,234.0,287.0,Disordered
P59595,REGION,,259.0,362.0,Dimerization
P59595,REGION,,362.0,422.0,Disordered
P59595,COMPBIAS,,1.0,35.0,Polar residues
P59595,COMPBIAS,,178.0,209.0,Polar residues
P59595,COMPBIAS,,234.0,252.0,Polar residues
P59595,COMPBIAS,,265.0,287.0,Polar residues
P59595,COMPBIAS,,363.0,383.0,Basic and acidic residues
P59595,COMPBIAS,,404.0,422.0,Polar residues
P59595,MOD_RES,,177.0,,Phosphoserine; by host
P59595,VARIANT,,50.0,,T -> I (in strain: Isolate Frankfurt 1 and Isolate FRA)
P59595,VARIANT,,154.0,,N -> Y (in strain: Isolate BJ03)
P59595,VARIANT,,193.0,,G -> C (in strain: Isolate CUHK-Su10)
P59595,VARIANT,,325.0,326.0,VT -> AA (in strain: Isolate Shanghai LY)
P59595,STRAND,,56.0,59.0,
P59595,STRAND,,61.0,63.0,
P59595,STRAND,,77.0,79.0,
P59595,HELIX,,81.0,83.0,
P59595,STRAND,,85.0,91.0,
P59595,STRAND,,94.0,96.0,
P59595,TURN,,98.0,100.0,
P59595,STRAND,,102.0,104.0,
P59595,STRAND,,108.0,113.0,
P59595,TURN,,118.0,121.0,
P59595,STRAND,,131.0,135.0,
P59595,STRAND,,140.0,142.0,
P59595,TURN,,145.0,147.0,
P59595,TURN,,152.0,154.0,
P59595,STRAND,,254.0,258.0,
P59595,HELIX,,260.0,262.0,
P59595,HELIX,,271.0,275.0,
P59595,TURN,,282.0,284.0,
P59595,HELIX,,290.0,295.0,
P59595,HELIX,,296.0,298.0,
P59595,HELIX,,302.0,306.0,
P59595,HELIX,,312.0,318.0,
P59595,STRAND,,319.0,325.0,
P59595,STRAND,,330.0,340.0,
P59595,HELIX,,347.0,357.0,
P59595,HELIX,,360.0,363.0,
P59634,CHAIN,,1.0,63.0,ORF6 protein
P59634,REGION,,54.0,63.0,Critical for disrupting nuclear import
P59634,VARIANT,,32.0,63.0,IISSIVRQLFKPLTKKNYSELDDEEPMELDYP -> NKFNSETII (in strain: Isolate TWJ)
P59634,VARIANT,,57.0,,"P -> L (in strain: Isolate GD01, Isolate BJ01, Isolate BJ02, Isolate BJ03 and Isolate BJ04)"
P59634,MUTAGEN,,49.0,52.0,YSEL->AAAA: No effect in the suppression of nuclear gene expression.
P59634,MUTAGEN,,53.0,56.0,DDEE->AAAA: Reduction in the suppression of nuclear gene expression.
P0C6U8,CHAIN,,1.0,4382.0,Replicase polyprotein 1a
P0C6U8,CHAIN,,1.0,180.0,Non-structural protein 1
P0C6U8,CHAIN,,181.0,818.0,Non-structural protein 2
P0C6U8,CHAIN,,819.0,2740.0,Non-structural protein 3
P0C6U8,CHAIN,,2741.0,3240.0,Non-structural protein 4
P0C6U8,CHAIN,,3241.0,3546.0,3C-like proteinase
P0C6U8,CHAIN,,3547.0,3836.0,Non-structural protein 6
P0C6U8,CHAIN,,3837.0,3919.0,Non-structural protein 7
P0C6U8,CHAIN,,3920.0,4117.0,Non-structural protein 8
P0C6U8,CHAIN,,4118.0,4230.0,Non-structural protein 9
P0C6U8,CHAIN,,4231.0,4369.0,Non-structural protein 10
P0C6U8,CHAIN,,4370.0,4382.0,Non-structural protein 11
P0C6U8,TOPO_DOM,,1.0,2202.0,Cytoplasmic
P0C6U8,TRANSMEM,,2203.0,2223.0,Helical
P0C6U8,TOPO_DOM,,2224.0,2303.0,Lumenal
P0C6U8,TRANSMEM,,2304.0,2324.0,Helical
P0C6U8,TOPO_DOM,,2325.0,2350.0,Cytoplasmic
P0C6U8,TRANSMEM,,2351.0,2371.0,Helical
P0C6U8,TOPO_DOM,,2372.0,2754.0,Lumenal
P0C6U8,TRANSMEM,,2755.0,2775.0,Helical
P0C6U8,TOPO_DOM,,2776.0,2991.0,Cytoplasmic
P0C6U8,TRANSMEM,,2992.0,3012.0,Helical
P0C6U8,TOPO_DOM,,3013.0,3021.0,Lumenal
P0C6U8,TRANSMEM,,3022.0,3042.0,Helical
P0C6U8,TOPO_DOM,,3043.0,3053.0,Cytoplasmic
P0C6U8,TRANSMEM,,3054.0,3074.0,Helical
P0C6U8,TOPO_DOM,,3075.0,3076.0,Lumenal
P0C6U8,TRANSMEM,,3077.0,3097.0,Helical
P0C6U8,TOPO_DOM,,3098.0,3104.0,Cytoplasmic
P0C6U8,TRANSMEM,,3105.0,3125.0,Helical
P0C6U8,TOPO_DOM,,3126.0,3141.0,Lumenal
P0C6U8,TRANSMEM,,3142.0,3162.0,Helical
P0C6U8,TOPO_DOM,,3163.0,3563.0,Cytoplasmic
P0C6U8,TRANSMEM,,3564.0,3584.0,Helical
P0C6U8,TOPO_DOM,,3585.0,,Lumenal
P0C6U8,TRANSMEM,,3586.0,3606.0,Helical
P0C6U8,TOPO_DOM,,3607.0,3611.0,Cytoplasmic
P0C6U8,TRANSMEM,,3612.0,3632.0,Helical
P0C6U8,TOPO_DOM,,3633.0,3657.0,Lumenal
P0C6U8,TRANSMEM,,3658.0,3678.0,Helical
P0C6U8,TOPO_DOM,,3679.0,3684.0,Cytoplasmic
P0C6U8,TRANSMEM,,3685.0,3704.0,Helical
P0C6U8,TOPO_DOM,,3705.0,3727.0,Lumenal
P0C6U8,TRANSMEM,,3728.0,3748.0,Helical
P0C6U8,TOPO_DOM,,3749.0,3755.0,Cytoplasmic
P0C6U8,TRANSMEM,,3756.0,3776.0,Helical
P0C6U8,TOPO_DOM,,3777.0,4382.0,Lumenal
P0C6U8,DOMAIN,,12.0,133.0,CoV Nsp1 globular
P0C6U8,DOMAIN,,148.0,179.0,BetaCoV Nsp1 C-terminal
P0C6U8,DOMAIN,,821.0,930.0,Ubiquitin-like 1
P0C6U8,DOMAIN,,1003.0,1169.0,Macro 1
P0C6U8,DOMAIN,,1207.0,1335.0,Macro 2
P0C6U8,DOMAIN,,1343.0,1470.0,Macro 3
P0C6U8,DOMAIN,,1472.0,1538.0,DPUP
P0C6U8,DOMAIN,,1542.0,1597.0,Ubiquitin-like 2
P0C6U8,DOMAIN,,1611.0,1875.0,Peptidase C16
P0C6U8,DOMAIN,,1888.0,1998.0,Nucleic acid-binding
P0C6U8,DOMAIN,,3142.0,3240.0,Nsp4C
P0C6U8,DOMAIN,,3241.0,3546.0,Peptidase C30
P0C6U8,DOMAIN,,3837.0,3919.0,RdRp Nsp7 cofactor
P0C6U8,DOMAIN,,3920.0,4117.0,RdRp Nsp8 cofactor
P0C6U8,DOMAIN,,4118.0,4230.0,Nsp9 ssRNA-binding
P0C6U8,DOMAIN,,4231.0,4369.0,ExoN/MTase coactivator
P0C6U8,ZN_FING,,1729.0,1766.0,C4-type
P0C6U8,REGION,,972.0,1003.0,Disordered
P0C6U8,REGION,,1175.0,1198.0,Disordered
P0C6U8,REGION,,2092.0,2371.0,HD1
P0C6U8,REGION,,2755.0,3162.0,HD2
P0C6U8,REGION,,3564.0,3776.0,HD3
P0C6U8,COMPBIAS,,972.0,997.0,Acidic residues
P0C6U8,ACT_SITE,,1651.0,,For PL-PRO activity
P0C6U8,ACT_SITE,,1812.0,,For PL-PRO activity
P0C6U8,ACT_SITE,,3281.0,,For 3CL-PRO activity
P0C6U8,ACT_SITE,,3385.0,,For 3CL-PRO activity
P0C6U8,METAL,,4304.0,,Zinc
P0C6U8,METAL,,4304.0,,Zinc 1
P0C6U8,METAL,,4307.0,,Zinc
P0C6U8,METAL,,4307.0,,Zinc 1
P0C6U8,METAL,,4313.0,,Zinc
P0C6U8,METAL,,4313.0,,Zinc 1
P0C6U8,METAL,,4320.0,,Zinc
P0C6U8,METAL,,4320.0,,Zinc 1
P0C6U8,METAL,,4347.0,,Zinc
P0C6U8,METAL,,4347.0,,Zinc 2
P0C6U8,METAL,,4350.0,,Zinc
P0C6U8,METAL,,4350.0,,Zinc 2
P0C6U8,METAL,,4358.0,,Zinc
P0C6U8,METAL,,4358.0,,Zinc 2
P0C6U8,METAL,,4360.0,,Zinc 2
P0C6U8,SITE,,180.0,181.0,Cleavage
P0C6U8,SITE,,818.0,819.0,Cleavage; by PL-PRO
P0C6U8,SITE,,2740.0,2741.0,Cleavage; by PL-PRO
P0C6U8,SITE,,3240.0,3241.0,Cleavage; by 3CL-PRO
P0C6U8,SITE,,3546.0,3547.0,Cleavage; by 3CL-PRO
P0C6U8,SITE,,3836.0,3837.0,Cleavage; by 3CL-PRO
P0C6U8,SITE,,3919.0,3920.0,Cleavage; by 3CL-PRO
P0C6U8,SITE,,4117.0,4118.0,Cleavage; by 3CL-PRO
P0C6U8,SITE,,4230.0,4231.0,Cleavage; by 3CL-PRO
P0C6U8,SITE,,4369.0,4370.0,Cleavage; by 3CL-PRO
P0C6U8,VARIANT,,82.0,,G -> C (in strain: Isolate GD01)
P0C6U8,VARIANT,,130.0,,G -> R (in strain: Isolate GD01)
P0C6U8,VARIANT,,138.0,,I -> T (in strain: Isolate SZ16)
P0C6U8,VARIANT,,181.0,,A -> V (in strain: Isolate Shanghai LY)
P0C6U8,VARIANT,,225.0,,K -> Q (in strain: Isolate GD01)
P0C6U8,VARIANT,,249.0,,Y -> C (in strain: Isolate Shanghai LY)
P0C6U8,VARIANT,,306.0,,V -> F (in strain: Isolate BJ04)
P0C6U8,VARIANT,,549.0,,A -> S (in strain: Isolate SZ3)
P0C6U8,VARIANT,,765.0,,A -> T (in strain: Isolate FRA and Isolate Frankfurt-1)
P0C6U8,VARIANT,,852.0,,K -> R (in strain: Isolate SZ16)
P0C6U8,VARIANT,,1004.0,,N -> H (in strain: Isolate BJ03)
P0C6U8,VARIANT,,1021.0,,V -> A (in strain: Isolate SZ3 and Isolate SZ16)
P0C6U8,VARIANT,,1023.0,,I -> T (in strain: Isolate Shanghai QXC1)
P0C6U8,VARIANT,,1121.0,,"I -> T (in strain: Isolate GD01, Isolate SZ3 and Isolate SZ16)"
P0C6U8,VARIANT,,1136.0,,P -> L (in strain: Isolate SZ3 and Isolate SZ16)
P0C6U8,VARIANT,,1257.0,,K -> E (in strain: Isolate Shanghai QXC1)
P0C6U8,VARIANT,,1319.0,,K -> R (in strain: Isolate GD01)
P0C6U8,VARIANT,,1329.0,,F -> S (in strain: Isolate GD01)
P0C6U8,VARIANT,,1361.0,,T -> A (in strain: Isolate Shanghai QXC1)
P0C6U8,VARIANT,,1385.0,,I -> V (in strain: Isolate Shanghai QXC1)
P0C6U8,VARIANT,,1538.0,,S -> T (in strain: Isolate GD01)
P0C6U8,VARIANT,,1563.0,,M -> K (in strain: Isolate BJ02)
P0C6U8,VARIANT,,1663.0,,L -> I (in strain: Isolate SZ3 and Isolate SZ16)
P0C6U8,VARIANT,,1762.0,,I -> L (in strain: Isolate BJ03)
P0C6U8,VARIANT,,1776.0,1777.0,QQ -> PP (in strain: Isolate BJ03)
P0C6U8,VARIANT,,1790.0,,E -> G (in strain: Isolate Shanghai QXC1)
P0C6U8,VARIANT,,1806.0,,G -> V (in strain: Isolate BJ02)
P0C6U8,VARIANT,,1962.0,,L -> I (in strain: Isolate BJ04)
P0C6U8,VARIANT,,2116.0,,"L -> F (in strain: Isolate GD01, Isolate SZ3 and Isolate SZ16)"
P0C6U8,VARIANT,,2222.0,,"C -> Y (in strain: Isolate GD01, Isolate SZ3 and Isolate SZ16)"
P0C6U8,VARIANT,,2269.0,,L -> S (in strain: Isolate SZ3 and Isolate SZ16)
P0C6U8,VARIANT,,2326.0,,V -> A (in strain: Isolate Shanghai QXC1)
P0C6U8,VARIANT,,2392.0,2394.0,RNR -> CNH (in strain: Isolate Shanghai QXC1)
P0C6U8,VARIANT,,2480.0,,L -> P (in strain: Isolate Shanghai QXC1)
P0C6U8,VARIANT,,2552.0,,A -> V (in strain: Isolate Urbani and Isolate Taiwan TC2)
P0C6U8,VARIANT,,2556.0,,D -> N (in strain: Isolate HKU-39849)
P0C6U8,VARIANT,,2564.0,,S -> P (in strain: Isolate GD01)
P0C6U8,VARIANT,,2648.0,,N -> Y (in strain: Isolate Shanghai QXC1)
P0C6U8,VARIANT,,2708.0,,S -> T (in strain: Isolate HKU-39849)
P0C6U8,VARIANT,,2718.0,,R -> T (in strain: Isolate HKU-39849)
P0C6U8,VARIANT,,2746.0,,C -> W (in strain: Isolate SZ3 and Isolate SZ16)
P0C6U8,VARIANT,,2770.0,,V -> L (in strain: Isolate BJ01 and Isolate BJ02)
P0C6U8,VARIANT,,2944.0,,"T -> I (in strain: Isolate SIN2500, Isolate GD01 and Isolate GZ50)"
P0C6U8,VARIANT,,2971.0,,V -> A (in strain: Isolate GD01 and Isolate SZ16)
P0C6U8,VARIANT,,3020.0,,V -> A (in strain: Isolate Shanghai QXC1)
P0C6U8,VARIANT,,3047.0,,"V -> A (in strain: Isolate CUHK-W1, Isolate GD01, Isolate SZ3, Isolate SZ16, Isolate BJ01, Isolate BJ02, Isolate BJ03 and Isolate Shanghai QXC1)"
P0C6U8,VARIANT,,3072.0,,"V -> A (in strain: Isolate CUHK-W1, Isolate SZ3, Isolate SZ16 and Isolate GD01)"
P0C6U8,VARIANT,,3197.0,,"A -> V (in strain: Isolate BJ01, Isolate BJ02, Isolate BJ03, Isolate BJ04 and Isolate Shanghai QXC1)"
P0C6U8,VARIANT,,3429.0,,Q -> P (in strain: Isolate BJ02)
P0C6U8,VARIANT,,3488.0,,D -> E (in strain: Isolate BJ04)
P0C6U8,VARIANT,,3717.0,,V -> A (in strain: Isolate Shanghai QXC1)
P0C6U8,VARIANT,,3818.0,,N -> T (in strain: Isolate BJ04)
P0C6U8,VARIANT,,3903.0,,D -> N (in strain: Isolate BJ03)
P0C6U8,VARIANT,,3904.0,,I -> F (in strain: Isolate BJ02)
P0C6U8,VARIANT,,3911.0,,M -> V (in strain: Isolate Shanghai QXC1)
P0C6U8,VARIANT,,4001.0,,K -> Q (in strain: Isolate Shanghai LY)
P0C6U8,VARIANT,,4003.0,,T -> A (in strain: Isolate Shanghai LY)
P0C6U8,VARIANT,,4085.0,,I -> H (in strain: Isolate ZJ01)
P0C6U8,VARIANT,,4114.0,,V -> A (in strain: Isolate Shanghai QXC1)
P0C6U8,VARIANT,,4202.0,,V -> M (in strain: Isolate Shanghai QXC1)
P0C6U8,VARIANT,,4240.0,,N -> H (in strain: Isolate ZJ01)
P0C6U8,VARIANT,,4296.0,,E -> G (in strain: Isolate Shanghai QXC1)
P0C6U8,VARIANT,,4377.0,4378.0,LN -> FK (in strain: Isolate Shanghai QXC1)
P0C6U8,STRAND,,1208.0,1211.0,
P0C6U8,STRAND,,1214.0,1216.0,
P0C6U8,HELIX,,1219.0,1222.0,
P0C6U8,TURN,,1223.0,1225.0,
P0C6U8,STRAND,,1229.0,1233.0,
P0C6U8,HELIX,,1241.0,1244.0,
P0C6U8,HELIX,,1253.0,1255.0,
P0C6U8,TURN,,1256.0,1258.0,
P0C6U8,STRAND,,1266.0,1269.0,
P0C6U8,STRAND,,1272.0,1276.0,
P0C6U8,HELIX,,1280.0,1282.0,
P0C6U8,HELIX,,1286.0,1293.0,
P0C6U8,STRAND,,1298.0,1303.0,
P0C6U8,HELIX,,1315.0,1324.0,
P0C6U8,STRAND,,1325.0,1331.0,
P0C6U8,HELIX,,1343.0,1345.0,
P0C6U8,HELIX,,1351.0,1361.0,
P0C6U8,STRAND,,1364.0,1368.0,
P0C6U8,HELIX,,1372.0,1381.0,
P0C6U8,TURN,,1382.0,1384.0,
P0C6U8,STRAND,,1389.0,1401.0,
P0C6U8,STRAND,,1403.0,1405.0,
P0C6U8,HELIX,,1407.0,1417.0,
P0C6U8,STRAND,,1421.0,1423.0,
P0C6U8,TURN,,1429.0,1431.0,
P0C6U8,HELIX,,1435.0,1442.0,
P0C6U8,STRAND,,1449.0,1452.0,
P0C6U8,HELIX,,1456.0,1467.0,
P0C6U8,HELIX,,1473.0,1484.0,
P0C6U8,STRAND,,1485.0,1487.0,
P0C6U8,STRAND,,1500.0,1506.0,
P0C6U8,STRAND,,1509.0,1513.0,
P0C6U8,STRAND,,1515.0,1518.0,
P0C6U8,STRAND,,1521.0,1523.0,
P0C6U8,STRAND,,1526.0,1528.0,
P0C6U8,HELIX,,1530.0,1537.0,
P0C6U8,STRAND,,1544.0,1555.0,
P0C6U8,STRAND,,1557.0,1562.0,
P0C6U8,STRAND,,1563.0,1565.0,
P0C6U8,HELIX,,1567.0,1570.0,
P0C6U8,STRAND,,1571.0,1576.0,
P0C6U8,HELIX,,1581.0,1583.0,
P0C6U8,HELIX,,1588.0,1590.0,
P0C6U8,STRAND,,1594.0,1597.0,
P0C6U8,HELIX,,1602.0,1612.0,
P0C6U8,HELIX,,1619.0,1630.0,
P0C6U8,TURN,,1648.0,1650.0,
P0C6U8,HELIX,,1651.0,1660.0,
P0C6U8,STRAND,,1667.0,1669.0,
P0C6U8,HELIX,,1670.0,1680.0,
P0C6U8,HELIX,,1685.0,1695.0,
P0C6U8,HELIX,,1705.0,1713.0,
P0C6U8,STRAND,,1722.0,1729.0,
P0C6U8,TURN,,1730.0,1732.0,
P0C6U8,STRAND,,1733.0,1740.0,
P0C6U8,HELIX,,1741.0,1744.0,
P0C6U8,STRAND,,1746.0,1749.0,
P0C6U8,HELIX,,1753.0,1758.0,
P0C6U8,STRAND,,1760.0,1763.0,
P0C6U8,STRAND,,1767.0,1794.0,
P0C6U8,STRAND,,1799.0,1806.0,
P0C6U8,STRAND,,1811.0,1826.0,
P0C6U8,STRAND,,1829.0,1846.0,
P0C6U8,STRAND,,1848.0,1851.0,
P0C6U8,HELIX,,3251.0,3254.0,
P0C6U8,STRAND,,3257.0,3262.0,
P0C6U8,STRAND,,3265.0,3272.0,
P0C6U8,STRAND,,3275.0,3279.0,
P0C6U8,HELIX,,3280.0,3283.0,
P0C6U8,HELIX,,3288.0,3290.0,
P0C6U8,HELIX,,3294.0,3299.0,
P0C6U8,HELIX,,3303.0,3305.0,
P0C6U8,STRAND,,3307.0,3310.0,
P0C6U8,STRAND,,3313.0,3315.0,
P0C6U8,STRAND,,3317.0,3323.0,
P0C6U8,STRAND,,3326.0,3333.0,
P0C6U8,STRAND,,3340.0,3343.0,
P0C6U8,STRAND,,3351.0,3358.0,
P0C6U8,STRAND,,3361.0,3370.0,
P0C6U8,TURN,,3380.0,3383.0,
P0C6U8,STRAND,,3388.0,3393.0,
P0C6U8,STRAND,,3396.0,3406.0,
P0C6U8,TURN,,3408.0,3410.0,
P0C6U8,STRAND,,3412.0,3415.0,
P0C6U8,STRAND,,3417.0,3419.0,
P0C6U8,STRAND,,3421.0,3424.0,
P0C6U8,STRAND,,3427.0,3430.0,
P0C6U8,HELIX,,3441.0,3453.0,
P0C6U8,HELIX,,3467.0,3476.0,
P0C6U8,HELIX,,3484.0,3489.0,
P0C6U8,HELIX,,3491.0,3497.0,
P0C6U8,HELIX,,3501.0,3514.0,
P0C6U8,STRAND,,3521.0,3523.0,
P0C6U8,STRAND,,3524.0,3526.0,
P0C6U8,HELIX,,3533.0,3540.0,
P0C6U8,STRAND,,3541.0,3543.0,
P0C6U8,HELIX,,3838.0,3855.0,
P0C6U8,HELIX,,3858.0,3860.0,
P0C6U8,HELIX,,3862.0,3877.0,
P0C6U8,HELIX,,3881.0,3896.0,
P0C6U8,HELIX,,3904.0,3913.0,
P0C6U8,HELIX,,3997.0,4017.0,
P0C6U8,HELIX,,4020.0,4027.0,
P0C6U8,STRAND,,4029.0,4032.0,
P0C6U8,HELIX,,4036.0,4038.0,
P0C6U8,HELIX,,4040.0,4043.0,
P0C6U8,STRAND,,4045.0,4053.0,
P0C6U8,HELIX,,4054.0,4058.0,
P0C6U8,STRAND,,4063.0,4068.0,
P0C6U8,STRAND,,4071.0,4079.0,
P0C6U8,HELIX,,4088.0,4090.0,
P0C6U8,HELIX,,4096.0,4098.0,
P0C6U8,STRAND,,4101.0,4109.0,
P0C6U8,STRAND,,4127.0,4136.0,
P0C6U8,TURN,,4137.0,4139.0,
P0C6U8,STRAND,,4142.0,4150.0,
P0C6U8,STRAND,,4157.0,4164.0,
P0C6U8,STRAND,,4170.0,4173.0,
P0C6U8,STRAND,,4180.0,4186.0,
P0C6U8,STRAND,,4190.0,4194.0,
P0C6U8,STRAND,,4201.0,4208.0,
P0C6U8,HELIX,,4213.0,4224.0,
P0C6U8,HELIX,,4240.0,4248.0,
P0C6U8,STRAND,,4250.0,4252.0,
P0C6U8,HELIX,,4253.0,4262.0,
P0C6U8,STRAND,,4273.0,4275.0,
P0C6U8,STRAND,,4284.0,4288.0,
P0C6U8,STRAND,,4295.0,4299.0,
P0C6U8,HELIX,,4301.0,4303.0,
P0C6U8,HELIX,,4305.0,4309.0,
P0C6U8,STRAND,,4314.0,4318.0,
P0C6U8,TURN,,4321.0,4324.0,
P0C6U8,STRAND,,4325.0,4330.0,
P0C6U8,HELIX,,4331.0,4333.0,
P0C6U8,HELIX,,4337.0,4343.0,
P0C6U8,TURN,,4348.0,4350.0,
P0C6U8,TURN,,4354.0,4356.0,
Q80H93,CHAIN,,1.0,84.0,ORF8b protein
Q80H93,VARIANT,,76.0,,L -> F (in strain: Isolate GD01)
P0C6X7,CHAIN,,1.0,180.0,Host translation inhibitor nsp1
P0C6X7,CHAIN,,181.0,818.0,Non-structural protein 2
P0C6X7,CHAIN,,819.0,2740.0,Non-structural protein 3
P0C6X7,CHAIN,,2741.0,3240.0,Non-structural protein 4
P0C6X7,CHAIN,,3241.0,3546.0,3C-like proteinase
P0C6X7,CHAIN,,3547.0,3836.0,Non-structural protein 6
P0C6X7,CHAIN,,3837.0,3919.0,Non-structural protein 7
P0C6X7,CHAIN,,3920.0,4117.0,Non-structural protein 8
P0C6X7,CHAIN,,4118.0,4230.0,Non-structural protein 9
P0C6X7,CHAIN,,4231.0,4369.0,Non-structural protein 10
P0C6X7,CHAIN,,4370.0,5301.0,RNA-directed RNA polymerase
P0C6X7,CHAIN,,5302.0,5902.0,Helicase
P0C6X7,CHAIN,,5903.0,6429.0,Proofreading exoribonuclease
P0C6X7,CHAIN,,6430.0,6775.0,Uridylate-specific endoribonuclease
P0C6X7,CHAIN,,6776.0,7073.0,2'-O-methyltransferase
P0C6X7,TOPO_DOM,,1.0,2202.0,Cytoplasmic
P0C6X7,TRANSMEM,,2203.0,2223.0,Helical
P0C6X7,TOPO_DOM,,2224.0,2303.0,Lumenal
P0C6X7,TRANSMEM,,2304.0,2324.0,Helical
P0C6X7,TOPO_DOM,,2325.0,2350.0,Cytoplasmic
P0C6X7,TRANSMEM,,2351.0,2371.0,Helical
P0C6X7,TOPO_DOM,,2372.0,2754.0,Lumenal
P0C6X7,TRANSMEM,,2755.0,2775.0,Helical
P0C6X7,TOPO_DOM,,2776.0,2991.0,Cytoplasmic
P0C6X7,TRANSMEM,,2992.0,3012.0,Helical
P0C6X7,TOPO_DOM,,3013.0,3021.0,Lumenal
P0C6X7,TRANSMEM,,3022.0,3042.0,Helical
P0C6X7,TOPO_DOM,,3043.0,3053.0,Cytoplasmic
P0C6X7,TRANSMEM,,3054.0,3074.0,Helical
P0C6X7,TOPO_DOM,,3075.0,3076.0,Lumenal
P0C6X7,TRANSMEM,,3077.0,3097.0,Helical
P0C6X7,TOPO_DOM,,3098.0,3104.0,Cytoplasmic
P0C6X7,TRANSMEM,,3105.0,3125.0,Helical
P0C6X7,TOPO_DOM,,3126.0,3141.0,Lumenal
P0C6X7,TRANSMEM,,3142.0,3162.0,Helical
P0C6X7,TOPO_DOM,,3163.0,3563.0,Cytoplasmic
P0C6X7,TRANSMEM,,3564.0,3584.0,Helical
P0C6X7,TOPO_DOM,,3585.0,,Lumenal
P0C6X7,TRANSMEM,,3586.0,3606.0,Helical
P0C6X7,TOPO_DOM,,3607.0,3611.0,Cytoplasmic
P0C6X7,TRANSMEM,,3612.0,3632.0,Helical
P0C6X7,TOPO_DOM,,3633.0,3657.0,Lumenal
P0C6X7,TRANSMEM,,3658.0,3678.0,Helical
P0C6X7,TOPO_DOM,,3679.0,3684.0,Cytoplasmic
P0C6X7,TRANSMEM,,3685.0,3704.0,Helical
P0C6X7,TOPO_DOM,,3705.0,3727.0,Lumenal
P0C6X7,TRANSMEM,,3728.0,3748.0,Helical
P0C6X7,TOPO_DOM,,3749.0,3755.0,Cytoplasmic
P0C6X7,TRANSMEM,,3756.0,3776.0,Helical
P0C6X7,TOPO_DOM,,3777.0,7073.0,Lumenal
P0C6X7,DOMAIN,,12.0,133.0,CoV Nsp1 globular
P0C6X7,DOMAIN,,148.0,179.0,BetaCoV Nsp1 C-terminal
P0C6X7,DOMAIN,,821.0,930.0,Ubiquitin-like 1
P0C6X7,DOMAIN,,1003.0,1169.0,Macro 1
P0C6X7,DOMAIN,,1207.0,1335.0,Macro 2
P0C6X7,DOMAIN,,1343.0,1470.0,Macro 3
P0C6X7,DOMAIN,,1472.0,1538.0,DPUP
P0C6X7,DOMAIN,,1542.0,1597.0,Ubiquitin-like 2
P0C6X7,DOMAIN,,1611.0,1875.0,Peptidase C16
P0C6X7,DOMAIN,,1888.0,1998.0,Nucleic acid-binding
P0C6X7,DOMAIN,,3142.0,3240.0,Nsp4C
P0C6X7,DOMAIN,,3241.0,3546.0,Peptidase C30
P0C6X7,DOMAIN,,3837.0,3919.0,RdRp Nsp7 cofactor
P0C6X7,DOMAIN,,3920.0,4117.0,RdRp Nsp8 cofactor
P0C6X7,DOMAIN,,4118.0,4230.0,Nsp9 ssRNA-binding
P0C6X7,DOMAIN,,4231.0,4369.0,ExoN/MTase coactivator
P0C6X7,DOMAIN,,4376.0,4630.0,NiRAN
P0C6X7,DOMAIN,,4734.0,5301.0,Nsp12 RNA-dependent RNA polymerase
P0C6X7,DOMAIN,,4981.0,5143.0,RdRp catalytic
P0C6X7,DOMAIN,,5302.0,5385.0,CV ZBD
P0C6X7,DOMAIN,,5558.0,5739.0,(+)RNA virus helicase ATP-binding
P0C6X7,DOMAIN,,5740.0,5909.0,(+)RNA virus helicase C-terminal
P0C6X7,DOMAIN,,5974.0,6189.0,ExoN
P0C6X7,DOMAIN,,6198.0,6429.0,N7-MTase
P0C6X7,DOMAIN,,6430.0,6490.0,Nsp15 N-terminal oligomerization
P0C6X7,DOMAIN,,6491.0,6616.0,AV-Nsp11N/CoV-Nsp15M
P0C6X7,DOMAIN,,6633.0,6772.0,NendoU
P0C6X7,DOMAIN,,6777.0,7071.0,Nidovirus-type SAM-dependent 2'-O-MTase
P0C6X7,ZN_FING,,1729.0,1766.0,C4-type
P0C6X7,NP_BIND,,5583.0,5590.0,ATP
P0C6X7,REGION,,972.0,1003.0,Disordered
P0C6X7,REGION,,1175.0,1198.0,Disordered
P0C6X7,REGION,,2092.0,2371.0,HD1
P0C6X7,REGION,,2755.0,3162.0,HD2
P0C6X7,REGION,,3564.0,3776.0,HD3
P0C6X7,REGION,,6233.0,6239.0,SAM-binding
P0C6X7,REGION,,6316.0,6330.0,GpppA-binding
P0C6X7,COMPBIAS,,972.0,997.0,Acidic residues
P0C6X7,ACT_SITE,,1651.0,,For PL-PRO activity
P0C6X7,ACT_SITE,,1812.0,,For PL-PRO activity
P0C6X7,ACT_SITE,,3281.0,,For 3CL-PRO activity
P0C6X7,ACT_SITE,,3385.0,,For 3CL-PRO activity
P0C6X7,ACT_SITE,,5128.0,,
P0C6X7,ACT_SITE,,5129.0,,
P0C6X7,ACT_SITE,,5130.0,,
P0C6X7,ACT_SITE,,5992.0,,
P0C6X7,ACT_SITE,,5994.0,,
P0C6X7,ACT_SITE,,6093.0,,
P0C6X7,ACT_SITE,,6170.0,,
P0C6X7,ACT_SITE,,6175.0,,
P0C6X7,ACT_SITE,,6663.0,,
P0C6X7,ACT_SITE,,6678.0,,
P0C6X7,ACT_SITE,,6718.0,,
P0C6X7,ACT_SITE,,6821.0,,
P0C6X7,ACT_SITE,,6905.0,,
P0C6X7,ACT_SITE,,6945.0,,
P0C6X7,ACT_SITE,,6978.0,,
P0C6X7,METAL,,4304.0,,Zinc
P0C6X7,METAL,,4304.0,,Zinc 1
P0C6X7,METAL,,4307.0,,Zinc
P0C6X7,METAL,,4307.0,,Zinc 1
P0C6X7,METAL,,4313.0,,Zinc
P0C6X7,METAL,,4313.0,,Zinc 1
P0C6X7,METAL,,4320.0,,Zinc
P0C6X7,METAL,,4320.0,,Zinc 1
P0C6X7,METAL,,4347.0,,Zinc
P0C6X7,METAL,,4347.0,,Zinc 2
P0C6X7,METAL,,4350.0,,Zinc
P0C6X7,METAL,,4350.0,,Zinc 2
P0C6X7,METAL,,4358.0,,Zinc
P0C6X7,METAL,,4358.0,,Zinc 2
P0C6X7,METAL,,4360.0,,Zinc 2
P0C6X7,METAL,,5306.0,,Zinc 3
P0C6X7,METAL,,5309.0,,Zinc 3
P0C6X7,METAL,,5317.0,,Zinc 4
P0C6X7,METAL,,5320.0,,Zinc 3
P0C6X7,METAL,,5327.0,,Zinc 3
P0C6X7,METAL,,5330.0,,Zinc 4
P0C6X7,METAL,,5334.0,,Zinc 4
P0C6X7,METAL,,5340.0,,Zinc 4
P0C6X7,METAL,,5351.0,,Zinc 5
P0C6X7,METAL,,5356.0,,Zinc 5
P0C6X7,METAL,,5373.0,,Zinc 5
P0C6X7,METAL,,5376.0,,Zinc 5
P0C6X7,METAL,,6109.0,,Zinc 6
P0C6X7,METAL,,6112.0,,Zinc 6
P0C6X7,METAL,,6128.0,,Zinc 6
P0C6X7,METAL,,6131.0,,Zinc 6
P0C6X7,METAL,,6159.0,,Zinc 7
P0C6X7,METAL,,6163.0,,Zinc 7
P0C6X7,METAL,,6166.0,,Zinc 7
P0C6X7,METAL,,6181.0,,Zinc 7
P0C6X7,METAL,,6354.0,,Zinc 8
P0C6X7,METAL,,6375.0,,Zinc 8
P0C6X7,METAL,,6386.0,,Zinc 8
P0C6X7,METAL,,6389.0,,Zinc 8
P0C6X7,SITE,,180.0,181.0,Cleavage
P0C6X7,SITE,,818.0,819.0,Cleavage; by PL-PRO
P0C6X7,SITE,,2740.0,2741.0,Cleavage; by PL-PRO
P0C6X7,SITE,,3240.0,3241.0,Cleavage; by 3CL-PRO
P0C6X7,SITE,,3546.0,3547.0,Cleavage; by 3CL-PRO
P0C6X7,SITE,,3836.0,3837.0,Cleavage; by 3CL-PRO
P0C6X7,SITE,,3919.0,3920.0,Cleavage; by 3CL-PRO
P0C6X7,SITE,,4117.0,4118.0,Cleavage; by 3CL-PRO
P0C6X7,SITE,,4230.0,4231.0,Cleavage; by 3CL-PRO
P0C6X7,SITE,,4369.0,4370.0,Cleavage; by 3CL-PRO
P0C6X7,SITE,,5301.0,5302.0,Cleavage; by 3CL-PRO
P0C6X7,SITE,,5902.0,5903.0,Cleavage; by 3CL-PRO
P0C6X7,SITE,,6429.0,6430.0,Cleavage; by 3CL-PRO
P0C6X7,SITE,,6775.0,6776.0,Cleavage; by 3CL-PRO
P0C6X7,VARIANT,,82.0,,G -> C (in strain: Isolate GD01)
P0C6X7,VARIANT,,130.0,,G -> R (in strain: Isolate GD01)
P0C6X7,VARIANT,,138.0,,I -> T (in strain: Isolate SZ16)
P0C6X7,VARIANT,,181.0,,A -> V (in strain: Isolate Shanghai LY)
P0C6X7,VARIANT,,225.0,,K -> Q (in strain: Isolate GD01)
P0C6X7,VARIANT,,249.0,,Y -> C (in strain: Isolate Shanghai LY)
P0C6X7,VARIANT,,306.0,,V -> F (in strain: Isolate BJ04)
P0C6X7,VARIANT,,549.0,,A -> S (in strain: Isolate SZ3)
P0C6X7,VARIANT,,765.0,,A -> T (in strain: Isolate FRA and Isolate Frankfurt-1)
P0C6X7,VARIANT,,852.0,,K -> R (in strain: Isolate SZ16)
P0C6X7,VARIANT,,1004.0,,N -> H (in strain: Isolate BJ03)
P0C6X7,VARIANT,,1021.0,,V -> A (in strain: Isolate SZ3 and Isolate SZ16)
P0C6X7,VARIANT,,1023.0,,I -> T (in strain: Isolate Shanghai QXC1)
P0C6X7,VARIANT,,1121.0,,"I -> T (in strain: Isolate GD01, Isolate SZ3 and Isolate SZ16)"
P0C6X7,VARIANT,,1136.0,,P -> L (in strain: Isolate SZ3 and Isolate SZ16)
P0C6X7,VARIANT,,1257.0,,K -> E (in strain: Isolate Shanghai QXC1)
P0C6X7,VARIANT,,1319.0,,K -> R (in strain: Isolate GD01)
P0C6X7,VARIANT,,1329.0,,F -> S (in strain: Isolate GD01)
P0C6X7,VARIANT,,1361.0,,T -> A (in strain: Isolate Shanghai QXC1)
P0C6X7,VARIANT,,1385.0,,I -> V (in strain: Isolate Shanghai QXC1)
P0C6X7,VARIANT,,1538.0,,S -> T (in strain: Isolate GD01)
P0C6X7,VARIANT,,1563.0,,M -> K (in strain: Isolate BJ02)
P0C6X7,VARIANT,,1663.0,,L -> I (in strain: Isolate SZ3 and Isolate SZ16)
P0C6X7,VARIANT,,1762.0,,I -> L (in strain: Isolate BJ03)
P0C6X7,VARIANT,,1776.0,1777.0,QQ -> PP (in strain: Isolate BJ03)
P0C6X7,VARIANT,,1790.0,,E -> G (in strain: Isolate Shanghai QXC1)
P0C6X7,VARIANT,,1806.0,,G -> V (in strain: Isolate BJ02)
P0C6X7,VARIANT,,1962.0,,L -> I (in strain: Isolate BJ04)
P0C6X7,VARIANT,,2116.0,,"L -> F (in strain: Isolate GD01, Isolate SZ3 and Isolate SZ16)"
P0C6X7,VARIANT,,2222.0,,"C -> Y (in strain: Isolate GD01, Isolate SZ3 and Isolate SZ16)"
P0C6X7,VARIANT,,2269.0,,L -> S (in strain: Isolate SZ3 and Isolate SZ16)
P0C6X7,VARIANT,,2326.0,,V -> A (in strain: Isolate Shanghai QXC1)
P0C6X7,VARIANT,,2392.0,2394.0,RNR -> CNH (in strain: Isolate Shanghai QXC1)
P0C6X7,VARIANT,,2480.0,,L -> P (in strain: Isolate Shanghai QXC1)
P0C6X7,VARIANT,,2552.0,,A -> V (in strain: Isolate Urbani and Isolate Taiwan TC2)
P0C6X7,VARIANT,,2556.0,,D -> N (in strain: Isolate HKU-39849)
P0C6X7,VARIANT,,2564.0,,S -> P (in strain: Isolate GD01)
P0C6X7,VARIANT,,2648.0,,N -> Y (in strain: Isolate Shanghai QXC1)
P0C6X7,VARIANT,,2708.0,,S -> T (in strain: Isolate HKU-39849)
P0C6X7,VARIANT,,2718.0,,R -> T (in strain: Isolate HKU-39849)
P0C6X7,VARIANT,,2746.0,,C -> W (in strain: Isolate SZ3 and Isolate SZ16)
P0C6X7,VARIANT,,2770.0,,V -> L (in strain: Isolate BJ01 and Isolate BJ02)
P0C6X7,VARIANT,,2944.0,,"T -> I (in strain: Isolate SIN2500, Isolate GD01 and Isolate GZ50)"
P0C6X7,VARIANT,,2971.0,,V -> A (in strain: Isolate GD01 and Isolate SZ16)
P0C6X7,VARIANT,,3020.0,,V -> A (in strain: Isolate Shanghai QXC1)
P0C6X7,VARIANT,,3047.0,,"V -> A (in strain: Isolate CUHK-W1, Isolate GD01, Isolate SZ3, Isolate SZ16, Isolate BJ01, Isolate BJ02, Isolate BJ03 and Isolate Shanghai QXC1)"
P0C6X7,VARIANT,,3072.0,,"V -> A (in strain: Isolate CUHK-W1, Isolate SZ3, Isolate SZ16 and Isolate GD01)"
P0C6X7,VARIANT,,3197.0,,"A -> V (in strain: Isolate BJ01, Isolate BJ02, Isolate BJ03, Isolate BJ04 and Isolate Shanghai QXC1)"
P0C6X7,VARIANT,,3429.0,,Q -> P (in strain: Isolate BJ02)
P0C6X7,VARIANT,,3488.0,,D -> E (in strain: Isolate BJ04)
P0C6X7,VARIANT,,3717.0,,V -> A (in strain: Isolate Shanghai QXC1)
P0C6X7,VARIANT,,3818.0,,N -> T (in strain: Isolate BJ04)
P0C6X7,VARIANT,,3903.0,,D -> N (in strain: Isolate BJ03)
P0C6X7,VARIANT,,3904.0,,I -> F (in strain: Isolate BJ02)
P0C6X7,VARIANT,,3911.0,,M -> V (in strain: Isolate Shanghai QXC1)
P0C6X7,VARIANT,,4001.0,,K -> Q (in strain: Isolate Shanghai LY)
P0C6X7,VARIANT,,4003.0,,T -> A (in strain: Isolate Shanghai LY)
P0C6X7,VARIANT,,4085.0,,I -> H (in strain: Isolate ZJ01)
P0C6X7,VARIANT,,4114.0,,V -> A (in strain: Isolate Shanghai QXC1)
P0C6X7,VARIANT,,4202.0,,V -> M (in strain: Isolate Shanghai QXC1)
P0C6X7,VARIANT,,4240.0,,N -> H (in strain: Isolate ZJ01)
P0C6X7,VARIANT,,4296.0,,E -> G (in strain: Isolate Shanghai QXC1)
P0C6X7,VARIANT,,4377.0,4378.0,LN -> FK (in strain: Isolate Shanghai QXC1)
P0C6X7,VARIANT,,4411.0,,V -> S (in strain: Isolate HKU-39849)
P0C6X7,VARIANT,,4459.0,,V -> I (in strain: Isolate Shanghai QXC1)
P0C6X7,VARIANT,,4592.0,,V -> E (in strain: Isolate ZJ01)
P0C6X7,VARIANT,,4910.0,,Q -> L (in strain: Isolate ZJ01)
P0C6X7,VARIANT,,5112.0,,D -> G (in strain: Isolate SZ3)
P0C6X7,VARIANT,,5131.0,,A -> G (in strain: Isolate Taiwan)
P0C6X7,VARIANT,,5134.0,5135.0,CY -> VL (in strain: Isolate Taiwan)
P0C6X7,VARIANT,,5623.0,,L -> S (in strain: Isolate GD01)
P0C6X7,VARIANT,,5720.0,,P -> S (in strain: Isolate GZ50 and Isolate SIN2500)
P0C6X7,VARIANT,,5744.0,,R -> C (in strain: Isolate ZJ01)
P0C6X7,VARIANT,,5767.0,,"D -> E (in strain: Isolate CUHK-W1, Isolate BJ01, Isolate BJ02, Isolate BJ03, Isolate BJ04, Isolate SIN2500, Isolate GD01, Isolate GZ50, Isolate SZ3, Isolate SZ16 and Isolate Shanghai QXC1)"
P0C6X7,VARIANT,,6274.0,,"T -> I (in strain: Isolate FRA, Isolate Frankfurt-1 Isolate SIN2677, Isolate SIN2679 and Isolate SIN2748)"
P0C6X7,VARIANT,,6474.0,,N -> S (in strain: Isolate Shanghai QXC1)
P0C6X7,VARIANT,,6700.0,,M -> I (in strain: Isolate BJ03)
P0C6X7,VARIANT,,6721.0,,C -> R (in strain: Isolate Shanghai QXC1)
P0C6X7,VARIANT,,6729.0,,D -> N (in strain: Isolate GD01)
P0C6X7,VARIANT,,6840.0,,M -> L (in strain: Isolate BJ02)
P0C6X7,VARIANT,,6862.0,,Q -> P (in strain: Isolate BJ04)
P0C6X7,VARIANT,,6877.0,,D -> E (in strain: Isolate GD01)
P0C6X7,VARIANT,,6910.0,,R -> K (in strain: Isolate SZ3 and Isolate SZ16)
P0C6X7,VARIANT,,6937.0,,A -> P (in strain: Isolate BJ03)
P0C6X7,VARIANT,,6992.0,,E -> D (in strain: Isolate BJ04)
P0C6X7,VARIANT,,7008.0,,N -> K (in strain: Isolate GD01)
P0C6X7,VARIANT,,7024.0,,K -> Q (in strain: Isolate BJ04)
P0C6X7,MUTAGEN,,4217.0,,G->E: Complete loss of nsp9 dimerization.
P0C6X7,MUTAGEN,,4221.0,,G->E: Complete loss of nsp9 dimerization.
P0C6X7,STRAND,,14.0,20.0,
P0C6X7,TURN,,23.0,25.0,
P0C6X7,HELIX,,35.0,48.0,
P0C6X7,STRAND,,51.0,54.0,
P0C6X7,HELIX,,61.0,63.0,
P0C6X7,STRAND,,68.0,72.0,
P0C6X7,STRAND,,87.0,93.0,
P0C6X7,TURN,,95.0,98.0,
P0C6X7,STRAND,,99.0,102.0,
P0C6X7,STRAND,,105.0,109.0,
P0C6X7,STRAND,,116.0,123.0,
P0C6X7,STRAND,,827.0,829.0,
P0C6X7,TURN,,831.0,833.0,
P0C6X7,STRAND,,839.0,841.0,
P0C6X7,STRAND,,848.0,851.0,
P0C6X7,TURN,,852.0,856.0,
P0C6X7,STRAND,,860.0,862.0,
P0C6X7,TURN,,869.0,871.0,
P0C6X7,HELIX,,872.0,882.0,
P0C6X7,HELIX,,888.0,894.0,
P0C6X7,HELIX,,898.0,901.0,
P0C6X7,STRAND,,907.0,909.0,
P0C6X7,STRAND,,911.0,915.0,
P0C6X7,STRAND,,918.0,920.0,
P0C6X7,STRAND,,922.0,926.0,
P0C6X7,STRAND,,1013.0,1021.0,
P0C6X7,HELIX,,1023.0,1030.0,
P0C6X7,STRAND,,1033.0,1038.0,
P0C6X7,HELIX,,1048.0,1056.0,
P0C6X7,TURN,,1057.0,1059.0,
P0C6X7,HELIX,,1060.0,1072.0,
P0C6X7,STRAND,,1080.0,1084.0,
P0C6X7,TURN,,1086.0,1088.0,
P0C6X7,STRAND,,1090.0,1095.0,
P0C6X7,HELIX,,1100.0,1102.0,
P0C6X7,HELIX,,1108.0,1114.0,
P0C6X7,HELIX,,1115.0,1118.0,
P0C6X7,STRAND,,1119.0,1124.0,
P0C6X7,HELIX,,1130.0,1132.0,
P0C6X7,HELIX,,1136.0,1146.0,
P0C6X7,STRAND,,1149.0,1156.0,
P0C6X7,HELIX,,1158.0,1168.0,
P0C6X7,STRAND,,1345.0,1347.0,
P0C6X7,HELIX,,1351.0,1361.0,
P0C6X7,STRAND,,1364.0,1368.0,
P0C6X7,HELIX,,1372.0,1381.0,
P0C6X7,STRAND,,1389.0,1401.0,
P0C6X7,HELIX,,1407.0,1417.0,
P0C6X7,STRAND,,1421.0,1424.0,
P0C6X7,STRAND,,1426.0,1428.0,
P0C6X7,HELIX,,1429.0,1431.0,
P0C6X7,HELIX,,1435.0,1442.0,
P0C6X7,STRAND,,1449.0,1452.0,
P0C6X7,HELIX,,1457.0,1467.0,
P0C6X7,STRAND,,1544.0,1555.0,
P0C6X7,STRAND,,1557.0,1562.0,
P0C6X7,HELIX,,1567.0,1571.0,
P0C6X7,STRAND,,1572.0,1576.0,
P0C6X7,STRAND,,1582.0,1584.0,
P0C6X7,HELIX,,1588.0,1590.0,
P0C6X7,STRAND,,1594.0,1597.0,
P0C6X7,HELIX,,1602.0,1612.0,
P0C6X7,HELIX,,1619.0,1630.0,
P0C6X7,STRAND,,1639.0,1642.0,
P0C6X7,TURN,,1648.0,1650.0,
P0C6X7,HELIX,,1651.0,1661.0,
P0C6X7,STRAND,,1667.0,1669.0,
P0C6X7,HELIX,,1670.0,1681.0,
P0C6X7,HELIX,,1685.0,1694.0,
P0C6X7,HELIX,,1705.0,1713.0,
P0C6X7,STRAND,,1722.0,1729.0,
P0C6X7,TURN,,1730.0,1732.0,
P0C6X7,STRAND,,1733.0,1740.0,
P0C6X7,HELIX,,1742.0,1745.0,
P0C6X7,STRAND,,1746.0,1749.0,
P0C6X7,HELIX,,1753.0,1758.0,
P0C6X7,STRAND,,1760.0,1763.0,
P0C6X7,STRAND,,1767.0,1794.0,
P0C6X7,HELIX,,1795.0,1797.0,
P0C6X7,STRAND,,1799.0,1806.0,
P0C6X7,HELIX,,1808.0,1810.0,
P0C6X7,STRAND,,1812.0,1826.0,
P0C6X7,STRAND,,1829.0,1846.0,
P0C6X7,STRAND,,1848.0,1851.0,
P0C6X7,HELIX,,3251.0,3254.0,
P0C6X7,STRAND,,3257.0,3262.0,
P0C6X7,STRAND,,3265.0,3272.0,
P0C6X7,STRAND,,3275.0,3279.0,
P0C6X7,HELIX,,3280.0,3283.0,
P0C6X7,TURN,,3286.0,3288.0,
P0C6X7,STRAND,,3289.0,3291.0,
P0C6X7,HELIX,,3294.0,3299.0,
P0C6X7,HELIX,,3303.0,3305.0,
P0C6X7,STRAND,,3306.0,3310.0,
P0C6X7,STRAND,,3313.0,3315.0,
P0C6X7,STRAND,,3317.0,3323.0,
P0C6X7,STRAND,,3326.0,3333.0,
P0C6X7,STRAND,,3340.0,3343.0,
P0C6X7,STRAND,,3351.0,3358.0,
P0C6X7,STRAND,,3361.0,3369.0,
P0C6X7,HELIX,,3379.0,3381.0,
P0C6X7,STRAND,,3388.0,3393.0,
P0C6X7,STRAND,,3396.0,3406.0,
P0C6X7,TURN,,3408.0,3410.0,
P0C6X7,STRAND,,3412.0,3415.0,
P0C6X7,STRAND,,3421.0,3424.0,
P0C6X7,STRAND,,3427.0,3430.0,
P0C6X7,HELIX,,3441.0,3453.0,
P0C6X7,TURN,,3458.0,3460.0,
P0C6X7,HELIX,,3467.0,3476.0,
P0C6X7,STRAND,,3477.0,3479.0,
P0C6X7,HELIX,,3484.0,3489.0,
P0C6X7,HELIX,,3491.0,3497.0,
P0C6X7,HELIX,,3501.0,3514.0,
P0C6X7,STRAND,,3516.0,3518.0,
P0C6X7,STRAND,,3521.0,3523.0,
P0C6X7,STRAND,,3524.0,3526.0,
P0C6X7,HELIX,,3533.0,3539.0,
P0C6X7,TURN,,3540.0,3542.0,
P0C6X7,HELIX,,3837.0,3855.0,
P0C6X7,HELIX,,3858.0,3860.0,
P0C6X7,HELIX,,3862.0,3876.0,
P0C6X7,STRAND,,3878.0,3880.0,
P0C6X7,HELIX,,3881.0,3905.0,
P0C6X7,HELIX,,3906.0,3909.0,
P0C6X7,TURN,,3910.0,3912.0,
P0C6X7,HELIX,,3913.0,3916.0,
P0C6X7,HELIX,,3922.0,3924.0,
P0C6X7,HELIX,,3929.0,3946.0,
P0C6X7,HELIX,,3951.0,3956.0,
P0C6X7,TURN,,3959.0,3963.0,
P0C6X7,TURN,,3970.0,3972.0,
P0C6X7,HELIX,,3973.0,3987.0,
P0C6X7,HELIX,,3997.0,4017.0,
P0C6X7,HELIX,,4020.0,4030.0,
P0C6X7,STRAND,,4035.0,4037.0,
P0C6X7,STRAND,,4046.0,4051.0,
P0C6X7,HELIX,,4054.0,4060.0,
P0C6X7,STRAND,,4065.0,4068.0,
P0C6X7,STRAND,,4071.0,4079.0,
P0C6X7,HELIX,,4088.0,4090.0,
P0C6X7,TURN,,4093.0,4095.0,
P0C6X7,HELIX,,4096.0,4098.0,
P0C6X7,STRAND,,4103.0,4109.0,
P0C6X7,STRAND,,4120.0,4125.0,
P0C6X7,STRAND,,4127.0,4137.0,
P0C6X7,STRAND,,4141.0,4150.0,
P0C6X7,TURN,,4152.0,4154.0,
P0C6X7,STRAND,,4157.0,4164.0,
P0C6X7,STRAND,,4170.0,4174.0,
P0C6X7,STRAND,,4176.0,4179.0,
P0C6X7,STRAND,,4181.0,4186.0,
P0C6X7,STRAND,,4190.0,4194.0,
P0C6X7,STRAND,,4201.0,4208.0,
P0C6X7,HELIX,,4213.0,4226.0,
P0C6X7,HELIX,,4238.0,4240.0,
P0C6X7,HELIX,,4243.0,4248.0,
P0C6X7,STRAND,,4250.0,4252.0,
P0C6X7,HELIX,,4253.0,4262.0,
P0C6X7,STRAND,,4284.0,4288.0,
P0C6X7,STRAND,,4295.0,4300.0,
P0C6X7,HELIX,,4301.0,4303.0,
P0C6X7,HELIX,,4305.0,4308.0,
P0C6X7,STRAND,,4314.0,4318.0,
P0C6X7,STRAND,,4325.0,4330.0,
P0C6X7,HELIX,,4331.0,4333.0,
P0C6X7,HELIX,,4337.0,4343.0,
P0C6X7,TURN,,4348.0,4350.0,
P0C6X7,STRAND,,4351.0,4353.0,
P0C6X7,TURN,,4354.0,4357.0,
P0C6X7,STRAND,,4490.0,4492.0,
P0C6X7,HELIX,,4493.0,4501.0,
P0C6X7,STRAND,,4505.0,4507.0,
P0C6X7,HELIX,,4509.0,4517.0,
P0C6X7,HELIX,,4523.0,4527.0,
P0C6X7,TURN,,4529.0,4532.0,
P0C6X7,STRAND,,4534.0,4537.0,
P0C6X7,HELIX,,4540.0,4544.0,
P0C6X7,HELIX,,4545.0,4547.0,
P0C6X7,HELIX,,4548.0,4567.0,
P0C6X7,STRAND,,4570.0,4573.0,
P0C6X7,HELIX,,4576.0,4578.0,
P0C6X7,STRAND,,4600.0,4602.0,
P0C6X7,HELIX,,4604.0,4616.0,
P0C6X7,TURN,,4617.0,4620.0,
P0C6X7,HELIX,,4621.0,4624.0,
P0C6X7,HELIX,,4645.0,4655.0,
P0C6X7,HELIX,,4667.0,4669.0,
P0C6X7,STRAND,,4671.0,4673.0,
P0C6X7,HELIX,,4674.0,4686.0,
P0C6X7,HELIX,,4687.0,4689.0,
P0C6X7,HELIX,,4692.0,4694.0,
P0C6X7,STRAND,,4695.0,4704.0,
P0C6X7,STRAND,,4707.0,4717.0,
P0C6X7,TURN,,4718.0,4720.0,
P0C6X7,STRAND,,4721.0,4724.0,
P0C6X7,STRAND,,4731.0,4734.0,
P0C6X7,HELIX,,4737.0,4744.0,
P0C6X7,HELIX,,4748.0,4751.0,
P0C6X7,STRAND,,4754.0,4759.0,
P0C6X7,STRAND,,4766.0,4770.0,
P0C6X7,HELIX,,4786.0,4793.0,
P0C6X7,TURN,,4794.0,4798.0,
P0C6X7,HELIX,,4818.0,4822.0,
P0C6X7,HELIX,,4823.0,4827.0,
P0C6X7,HELIX,,4835.0,4847.0,
P0C6X7,TURN,,4848.0,4851.0,
P0C6X7,HELIX,,4859.0,4861.0,
P0C6X7,HELIX,,4875.0,4877.0,
P0C6X7,HELIX,,4881.0,4885.0,
P0C6X7,HELIX,,4890.0,4899.0,
P0C6X7,TURN,,4900.0,4902.0,
P0C6X7,STRAND,,4908.0,4913.0,
P0C6X7,STRAND,,4918.0,4920.0,
P0C6X7,STRAND,,4925.0,4928.0,
P0C6X7,HELIX,,4931.0,4949.0,
P0C6X7,STRAND,,4953.0,4956.0,
P0C6X7,TURN,,4963.0,4965.0,
P0C6X7,HELIX,,4966.0,4975.0,
P0C6X7,STRAND,,4979.0,4985.0,
P0C6X7,HELIX,,4991.0,4994.0,
P0C6X7,HELIX,,4997.0,5007.0,
P0C6X7,HELIX,,5008.0,5010.0,
P0C6X7,STRAND,,5012.0,5014.0,
P0C6X7,HELIX,,5017.0,5031.0,
P0C6X7,STRAND,,5035.0,5038.0,
P0C6X7,STRAND,,5041.0,5044.0,
P0C6X7,STRAND,,5053.0,5055.0,
P0C6X7,HELIX,,5056.0,5077.0,
P0C6X7,HELIX,,5081.0,5083.0,
P0C6X7,HELIX,,5087.0,5097.0,
P0C6X7,TURN,,5098.0,5100.0,
P0C6X7,HELIX,,5108.0,5121.0,
P0C6X7,STRAND,,5122.0,5127.0,
P0C6X7,STRAND,,5130.0,5136.0,
P0C6X7,HELIX,,5137.0,5140.0,
P0C6X7,TURN,,5141.0,5143.0,
P0C6X7,HELIX,,5148.0,5158.0,
P0C6X7,HELIX,,5165.0,5167.0,
P0C6X7,STRAND,,5169.0,5171.0,
P0C6X7,STRAND,,5184.0,5190.0,
P0C6X7,STRAND,,5192.0,5200.0,
P0C6X7,HELIX,,5203.0,5211.0,
P0C6X7,STRAND,,5217.0,5219.0,
P0C6X7,HELIX,,5221.0,5234.0,
P0C6X7,HELIX,,5236.0,5240.0,
P0C6X7,HELIX,,5244.0,5263.0,
P0C6X7,HELIX,,5278.0,5282.0,
P0C6X7,HELIX,,5283.0,5285.0,
P0C6X7,TURN,,5307.0,5309.0,
P0C6X7,STRAND,,5312.0,5314.0,
P0C6X7,STRAND,,5316.0,5320.0,
P0C6X7,HELIX,,5328.0,5335.0,
P0C6X7,STRAND,,5343.0,5349.0,
P0C6X7,HELIX,,5361.0,5363.0,
P0C6X7,STRAND,,5368.0,5372.0,
P0C6X7,TURN,,5374.0,5376.0,
P0C6X7,STRAND,,5382.0,5386.0,
P0C6X7,TURN,,5393.0,5397.0,
P0C6X7,HELIX,,5404.0,5412.0,
P0C6X7,HELIX,,5418.0,5426.0,
P0C6X7,HELIX,,5429.0,5446.0,
P0C6X7,HELIX,,5447.0,5449.0,
P0C6X7,STRAND,,5453.0,5457.0,
P0C6X7,STRAND,,5461.0,5468.0,
P0C6X7,STRAND,,5483.0,5488.0,
P0C6X7,STRAND,,5493.0,5503.0,
P0C6X7,STRAND,,5509.0,5516.0,
P0C6X7,STRAND,,5525.0,5528.0,
P0C6X7,HELIX,,5561.0,5566.0,
P0C6X7,HELIX,,5567.0,5570.0,
P0C6X7,HELIX,,5572.0,5575.0,
P0C6X7,STRAND,,5576.0,5581.0,
P0C6X7,HELIX,,5589.0,5599.0,
P0C6X7,STRAND,,5605.0,5610.0,
P0C6X7,HELIX,,5612.0,5616.0,
P0C6X7,TURN,,5617.0,5622.0,
P0C6X7,STRAND,,5623.0,5626.0,
P0C6X7,STRAND,,5630.0,5633.0,
P0C6X7,STRAND,,5640.0,5642.0,
P0C6X7,STRAND,,5647.0,5649.0,
P0C6X7,STRAND,,5655.0,5660.0,
P0C6X7,TURN,,5661.0,5663.0,
P0C6X7,STRAND,,5666.0,5668.0,
P0C6X7,STRAND,,5670.0,5674.0,
P0C6X7,HELIX,,5677.0,5679.0,
P0C6X7,HELIX,,5682.0,5691.0,
P0C6X7,STRAND,,5695.0,5700.0,
P0C6X7,HELIX,,5720.0,5722.0,
P0C6X7,HELIX,,5725.0,5730.0,
P0C6X7,STRAND,,5743.0,5745.0,
P0C6X7,HELIX,,5747.0,5750.0,
P0C6X7,TURN,,5751.0,5754.0,
P0C6X7,TURN,,5756.0,5759.0,
P0C6X7,TURN,,5791.0,5793.0,
P0C6X7,HELIX,,5794.0,5796.0,
P0C6X7,TURN,,5797.0,5800.0,
P0C6X7,STRAND,,5815.0,5818.0,
P0C6X7,TURN,,5819.0,5827.0,
P0C6X7,TURN,,5834.0,5836.0,
P0C6X7,STRAND,,5843.0,5848.0,
P0C6X7,TURN,,5854.0,5856.0,
P0C6X7,HELIX,,5859.0,5866.0,
P0C6X7,STRAND,,5873.0,5876.0,
P0C6X7,HELIX,,5882.0,5884.0,
P0C6X7,STRAND,,5893.0,5895.0,
P0C6X7,STRAND,,5922.0,5924.0,
P0C6X7,STRAND,,5928.0,5931.0,
P0C6X7,HELIX,,5933.0,5935.0,
P0C6X7,STRAND,,5955.0,5957.0,
P0C6X7,HELIX,,5978.0,5983.0,
P0C6X7,STRAND,,5986.0,5997.0,
P0C6X7,STRAND,,6000.0,6002.0,
P0C6X7,STRAND,,6006.0,6016.0,
P0C6X7,STRAND,,6018.0,6020.0,
P0C6X7,STRAND,,6024.0,6028.0,
P0C6X7,STRAND,,6033.0,6037.0,
P0C6X7,HELIX,,6046.0,6053.0,
P0C6X7,HELIX,,6054.0,6057.0,
P0C6X7,HELIX,,6061.0,6076.0,
P0C6X7,TURN,,6077.0,6079.0,
P0C6X7,STRAND,,6084.0,6089.0,
P0C6X7,HELIX,,6091.0,6100.0,
P0C6X7,STRAND,,6112.0,6115.0,
P0C6X7,STRAND,,6118.0,6120.0,
P0C6X7,TURN,,6121.0,6124.0,
P0C6X7,STRAND,,6125.0,6127.0,
P0C6X7,TURN,,6129.0,6131.0,
P0C6X7,STRAND,,6137.0,6140.0,
P0C6X7,STRAND,,6142.0,6145.0,
P0C6X7,HELIX,,6146.0,6149.0,
P0C6X7,HELIX,,6155.0,6162.0,
P0C6X7,STRAND,,6164.0,6166.0,
P0C6X7,HELIX,,6172.0,6188.0,
P0C6X7,HELIX,,6204.0,6226.0,
P0C6X7,STRAND,,6229.0,6235.0,
P0C6X7,STRAND,,6242.0,6245.0,
P0C6X7,STRAND,,6247.0,6256.0,
P0C6X7,STRAND,,6263.0,6267.0,
P0C6X7,HELIX,,6272.0,6275.0,
P0C6X7,TURN,,6276.0,6278.0,
P0C6X7,STRAND,,6281.0,6288.0,
P0C6X7,STRAND,,6296.0,6303.0,
P0C6X7,STRAND,,6312.0,6314.0,
P0C6X7,STRAND,,6320.0,6322.0,
P0C6X7,STRAND,,6324.0,6326.0,
P0C6X7,STRAND,,6328.0,6330.0,
P0C6X7,HELIX,,6335.0,6338.0,
P0C6X7,STRAND,,6341.0,6343.0,
P0C6X7,STRAND,,6373.0,6376.0,
P0C6X7,STRAND,,6381.0,6383.0,
P0C6X7,HELIX,,6387.0,6405.0,
P0C6X7,STRAND,,6408.0,6412.0,
P0C6X7,HELIX,,6419.0,6425.0,
P0C6X7,HELIX,,6431.0,6441.0,
P0C6X7,STRAND,,6453.0,6456.0,
P0C6X7,STRAND,,6459.0,6464.0,
P0C6X7,STRAND,,6467.0,6473.0,
P0C6X7,STRAND,,6476.0,6478.0,
P0C6X7,HELIX,,6480.0,6488.0,
P0C6X7,STRAND,,6493.0,6495.0,
P0C6X7,HELIX,,6498.0,6503.0,
P0C6X7,STRAND,,6508.0,6513.0,
P0C6X7,TURN,,6517.0,6520.0,
P0C6X7,STRAND,,6521.0,6530.0,
P0C6X7,TURN,,6532.0,6534.0,
P0C6X7,STRAND,,6535.0,6539.0,
P0C6X7,HELIX,,6543.0,6545.0,
P0C6X7,STRAND,,6550.0,6553.0,
P0C6X7,HELIX,,6559.0,6565.0,
P0C6X7,STRAND,,6567.0,6575.0,
P0C6X7,STRAND,,6589.0,6591.0,
P0C6X7,STRAND,,6594.0,6596.0,
P0C6X7,STRAND,,6599.0,6601.0,
P0C6X7,STRAND,,6606.0,6611.0,
P0C6X7,STRAND,,6614.0,6616.0,
P0C6X7,HELIX,,6629.0,6631.0,
P0C6X7,HELIX,,6637.0,6644.0,
P0C6X7,HELIX,,6647.0,6653.0,
P0C6X7,HELIX,,6661.0,6664.0,
P0C6X7,STRAND,,6670.0,6673.0,
P0C6X7,STRAND,,6677.0,6679.0,
P0C6X7,HELIX,,6680.0,6689.0,
P0C6X7,STRAND,,6692.0,6698.0,
P0C6X7,STRAND,,6703.0,6711.0,
P0C6X7,TURN,,6712.0,6714.0,
P0C6X7,STRAND,,6717.0,6724.0,
P0C6X7,HELIX,,6728.0,6736.0,
P0C6X7,STRAND,,6741.0,6751.0,
P0C6X7,STRAND,,6754.0,6763.0,
P0C6X7,STRAND,,6766.0,6772.0,
P0C6X7,HELIX,,6777.0,6780.0,
P0C6X7,STRAND,,6781.0,6785.0,
P0C6X7,HELIX,,6788.0,6791.0,
P0C6X7,HELIX,,6817.0,6829.0,
P0C6X7,STRAND,,6841.0,6846.0,
P0C6X7,HELIX,,6855.0,6863.0,
P0C6X7,STRAND,,6869.0,6876.0,
P0C6X7,STRAND,,6881.0,6888.0,
P0C6X7,HELIX,,6890.0,6892.0,
P0C6X7,STRAND,,6893.0,6897.0,
P0C6X7,STRAND,,6899.0,6904.0,
P0C6X7,HELIX,,6924.0,6935.0,
P0C6X7,STRAND,,6936.0,6946.0,
P0C6X7,STRAND,,6948.0,6950.0,
P0C6X7,HELIX,,6953.0,6959.0,
P0C6X7,STRAND,,6962.0,6970.0,
P0C6X7,HELIX,,6971.0,6973.0,
P0C6X7,STRAND,,6979.0,6986.0,
P0C6X7,HELIX,,6996.0,7009.0,
P0C6X7,HELIX,,7017.0,7020.0,
P0C6X7,STRAND,,7033.0,7035.0,
P0C6X7,HELIX,,7039.0,7041.0,
P0C6X7,HELIX,,7044.0,7051.0,
P0C6X7,STRAND,,7055.0,7057.0,
P0C6X7,STRAND,,7065.0,7067.0,
P59596,CHAIN,,1.0,221.0,Membrane protein
P59596,TOPO_DOM,,1.0,18.0,Virion surface
P59596,TRANSMEM,,19.0,39.0,Helical
P59596,TOPO_DOM,,40.0,49.0,Intravirion
P59596,TRANSMEM,,50.0,70.0,Helical
P59596,TOPO_DOM,,71.0,78.0,Virion surface
P59596,TRANSMEM,,79.0,99.0,Helical
P59596,TOPO_DOM,,100.0,221.0,Intravirion
P59596,VARIANT,,11.0,,E -> K (in strain: Isolate Sin2500)
P59596,VARIANT,,27.0,,"F -> C (in strain: Isolate CUHK-Su10, Isolate TWC2, Isolate TWC3, Isolate TWH, Isolate TWJ, Isolate TWK, Isolate TWS, Isolate TWY, Isolate Taiwan TC1, Isolate Taiwan TC2 and Isolate Taiwan TC3)"
P59596,VARIANT,,68.0,,"A -> V (in strain: Isolate HKU-39849, Isolate FRA and Isolate Frankfurt 1)"
P59596,VARIANT,,73.0,,N -> T (in strain: Isolate TC3)
P59596,VARIANT,,119.0,,L -> P (in strain: Isolate Shanghai QXC1)
P59596,VARIANT,,154.0,,S -> P (in strain: Isolate Urbani)
Q7TLC7,CHAIN,,1.0,70.0,Uncharacterized protein 14
P59637,CHAIN,,1.0,76.0,Envelope small membrane protein
P59637,TOPO_DOM,,1.0,16.0,Virion surface
P59637,TRANSMEM,,17.0,37.0,Helical
P59637,TOPO_DOM,,38.0,76.0,Intravirion
P59637,MOTIF,,73.0,76.0,PDZ-binding; required for interaction with human PALS1
P59637,VARIANT,,24.0,,V -> M (in strain: Isolate GD01)
P59637,MUTAGEN,,73.0,76.0,Missing: Abolishes interaction with PDZ domain of human PALS1; loss of accumulation in host perinuclear compartment.
P59637,HELIX,,14.0,42.0,
P59637,TURN,,43.0,45.0,
P59637,HELIX,,56.0,64.0,
Q7TFA1,CHAIN,,1.0,44.0,Protein non-structural 7b
Q7TFA1,TRANSMEM,,9.0,29.0,Helical
Q7TFA0,SIGNAL,,1.0,15.0,
Q7TFA0,CHAIN,,16.0,39.0,ORF8a protein
P59632,CHAIN,,1.0,274.0,ORF3a protein
P59632,TOPO_DOM,,1.0,34.0,Extracellular
P59632,TRANSMEM,,35.0,55.0,Helical
P59632,TOPO_DOM,,56.0,78.0,Cytoplasmic
P59632,TRANSMEM,,79.0,99.0,Helical
P59632,TOPO_DOM,,100.0,104.0,Extracellular
P59632,TRANSMEM,,105.0,125.0,Helical
P59632,TOPO_DOM,,126.0,274.0,Cytoplasmic
P59632,DOMAIN,,33.0,141.0,CoV 3a-like viroporin TM
P59632,DOMAIN,,145.0,237.0,CoV 3a-like viroporin CD
P59632,SITE,,133.0,,Involved in polymerization
P59632,CARBOHYD,,27.0,,O-linked (GalNAc...) serine; by host
P59632,CARBOHYD,,28.0,,O-linked (GalNAc...) threonine; by host
P59632,CARBOHYD,,32.0,,O-linked (GalNAc...) threonine; by host
P59632,CARBOHYD,,34.0,,O-linked (GalNAc...) threonine; by host
P59632,VARIANT,,11.0,,"G -> R (in strain: Isolate Tor2, Isolate BJ02 and Isolate BJ03)"
P59632,VARIANT,,20.0,,I -> T (in strain: Isolate Shanghai LY)
P59632,VARIANT,,29.0,,V -> A (in strain: Isolate Shanghai QXC1)
P59632,VARIANT,,101.0,,M -> K (in strain: Isolate HKU-39849)
P59632,VARIANT,,129.0,,L -> F (in strain: Isolate TWK)
P59632,VARIANT,,136.0,,K -> Q (in strain: Isolate BJ01)
P59632,VARIANT,,171.0,,E -> A (in strain: Isolate GD01)
P59632,VARIANT,,193.0,,R -> W (in strain: Isolate GD01)
P59632,VARIANT,,222.0,,D -> N (in strain: Isolate Shanghai QXC1)
P59632,MUTAGEN,,27.0,,S->G: Complete loss of O-glycosylation; when associated with A-28; A-32 and A-34.
P59632,MUTAGEN,,28.0,,T->A: Complete loss of O-glycosylation; when associated with A-27; A-32 and A-34.
P59632,MUTAGEN,,32.0,,T->A: Complete loss of O-glycosylation; when associated with A-27; A-28 and A-34.
P59632,MUTAGEN,,34.0,,T->A: Complete loss of O-glycosylation; when associated with A-27; A-28 and A-32.
P59632,MUTAGEN,,81.0,,C->A: No effect on polymerization.
P59632,MUTAGEN,,117.0,,C->A: No effect on polymerization.
P59632,MUTAGEN,,121.0,,C->A: No effect on polymerization.
P59632,MUTAGEN,,127.0,,C->A: No effect on polymerization.
P59632,MUTAGEN,,130.0,,C->A: No effect on polymerization.
P59632,MUTAGEN,,133.0,,C->A: Almost complete loss of polimerization ability.
P59632,MUTAGEN,,148.0,,C->A: No effect on polymerization.
P59632,MUTAGEN,,157.0,,C->A: No effect on polymerization.
P59633,CHAIN,,1.0,154.0,ORF3b protein
P59633,REGION,,80.0,138.0,Mitochondrial targeting signal
P59633,REGION,,134.0,154.0,Nucleolar targeting
P59633,MOTIF,,135.0,153.0,Bipartite nuclear localization signal
P59633,VARIANT,,31.0,,K -> Q (in strain: Isolate GD01)
P59633,VARIANT,,99.0,,T -> I (in strain: Isolate BJ02)
P59633,VARIANT,,115.0,,L -> Q (in strain: Isolate GD01)
P59633,VARIANT,,121.0,,Q -> P (in strain: Isolate BJ01 and Isolate BJ04)
P59635,CHAIN,,16.0,122.0,ORF7a protein
P59635,TOPO_DOM,,16.0,96.0,Virion surface
P59635,TRANSMEM,,97.0,117.0,Helical
P59635,TOPO_DOM,,118.0,122.0,Intravirion
P59635,DOMAIN,,16.0,81.0,X4e
P59635,MOTIF,,118.0,122.0,Di-lysine motif
P59635,DISULFID,,23.0,58.0,
P59635,DISULFID,,35.0,67.0,
P59635,VARIANT,,38.0,,G -> A (in strain: Isolate Shanghai LY)
P59635,MUTAGEN,,14.0,18.0,SCELY->LLLLL: Complete loss of signal sequence cleavage.
P59635,MUTAGEN,,118.0,120.0,KRK->ERE: Induces rapid exit from the endoplasmic reticulum.
P59635,STRAND,,16.0,24.0,
P59635,STRAND,,27.0,32.0,
P59635,STRAND,,34.0,37.0,
P59635,STRAND,,39.0,44.0,
P59635,TURN,,50.0,52.0,
P59635,STRAND,,53.0,57.0,
P59635,STRAND,,60.0,66.0,
P59635,STRAND,,72.0,80.0,
P59635,STRAND,,82.0,84.0,
P59635,STRAND,,89.0,93.0,
P59635,STRAND,,95.0,97.0,
Q19QW2,TRANSMEM,,7.0,30.0,Helical
Q19QX2,TRANSMEM,,2206.0,2231.0,Helical
Q19QX2,TRANSMEM,,2314.0,2333.0,Helical
Q19QX2,TRANSMEM,,2340.0,2371.0,Helical
Q19QX2,TRANSMEM,,2749.0,2768.0,Helical
Q19QX2,TRANSMEM,,3020.0,3042.0,Helical
Q19QX2,TRANSMEM,,3054.0,3078.0,Helical
Q19QX2,TRANSMEM,,3115.0,3134.0,Helical
Q19QX2,TRANSMEM,,3559.0,3582.0,Helical
Q19QX2,TRANSMEM,,3588.0,3606.0,Helical
Q19QX2,TRANSMEM,,3613.0,3634.0,Helical
Q19QX2,TRANSMEM,,3660.0,3678.0,Helical
Q19QX2,TRANSMEM,,3685.0,3701.0,Helical
Q19QX2,TRANSMEM,,3721.0,3743.0,Helical
Q19QX2,TRANSMEM,,3755.0,3774.0,Helical
Q19QX2,DOMAIN,,1003.0,1169.0,Macro
Q19QX2,DOMAIN,,1611.0,1875.0,Peptidase C16
Q19QX2,DOMAIN,,3241.0,3546.0,Peptidase C30
Q19QX2,DOMAIN,,4981.0,5143.0,RdRp catalytic
Q19QX2,DOMAIN,,5302.0,5385.0,CV ZBD
Q19QX2,DOMAIN,,5558.0,5909.0,(+)RNA virus helicase C-terminal
Q19QX2,REGION,,973.0,1004.0,Disordered
Q19QX2,REGION,,1175.0,1197.0,Disordered
Q19QX2,COMPBIAS,,973.0,997.0,Acidic residues
J9TE70,TRANSMEM,,2206.0,2231.0,Helical
J9TE70,TRANSMEM,,2314.0,2333.0,Helical
J9TE70,TRANSMEM,,2340.0,2371.0,Helical
J9TE70,TRANSMEM,,2749.0,2768.0,Helical
J9TE70,TRANSMEM,,3020.0,3042.0,Helical
J9TE70,TRANSMEM,,3054.0,3078.0,Helical
J9TE70,TRANSMEM,,3115.0,3134.0,Helical
J9TE70,TRANSMEM,,3559.0,3582.0,Helical
J9TE70,TRANSMEM,,3588.0,3606.0,Helical
J9TE70,TRANSMEM,,3613.0,3634.0,Helical
J9TE70,TRANSMEM,,3660.0,3678.0,Helical
J9TE70,TRANSMEM,,3685.0,3701.0,Helical
J9TE70,TRANSMEM,,3721.0,3743.0,Helical
J9TE70,TRANSMEM,,3755.0,3774.0,Helical
J9TE70,DOMAIN,,1003.0,1169.0,Macro
J9TE70,DOMAIN,,1611.0,1875.0,Peptidase C16
J9TE70,DOMAIN,,3241.0,3546.0,Peptidase C30
J9TE70,REGION,,972.0,1003.0,Disordered
J9TE70,REGION,,1175.0,1198.0,Disordered
J9TE70,COMPBIAS,,972.0,997.0,Acidic residues
G8H300,DOMAIN,,48.0,190.0,bCoV_SUD_M
G8H300,DOMAIN,,194.0,237.0,bCoV_SUD_C
G8H300,NON_TER,,1.0,,
G8H300,NON_TER,,237.0,,
A0A220F203,DOMAIN,,120.0,282.0,RdRp catalytic
A0A220F203,NON_TER,,1.0,,
A0A220F203,NON_TER,,289.0,,
Q202H8,CHAIN,,14.0,667.0,Spike protein S1
Q202H8,CHAIN,,668.0,1255.0,Spike protein S2
Q202H8,CHAIN,,798.0,1255.0,Spike protein S2'
Q202H8,TOPO_DOM,,14.0,1195.0,Extracellular
Q202H8,TRANSMEM,,1196.0,1218.0,Helical
Q202H8,TOPO_DOM,,1217.0,1255.0,Cytoplasmic
Q202H8,DOMAIN,,34.0,324.0,bCoV_S1_N
Q202H8,DOMAIN,,335.0,512.0,bCoV_S1_RBD
Q202H8,DOMAIN,,522.0,578.0,CoV_S1_C
Q202H8,DOMAIN,,693.0,1214.0,CoV_S2
Q202H8,REGION,,306.0,527.0,Receptor-binding domain
Q202H8,REGION,,798.0,819.0,Fusion peptide 1
Q202H8,REGION,,817.0,837.0,Fusion peptide 2
Q202H8,REGION,,902.0,952.0,Heptad repeat 1
Q202H8,REGION,,1145.0,1184.0,Heptad repeat 2
Q202H8,COILED,,931.0,975.0,
Q202H8,COILED,,1157.0,1185.0,
Q202H8,MOTIF,,1251.0,1255.0,KxHxx
Q202H8,SITE,,667.0,668.0,Cleavage
Q202H8,SITE,,797.0,798.0,Cleavage
Q202H8,DISULFID,,323.0,348.0,
Q202H8,DISULFID,,366.0,419.0,
Q202H8,DISULFID,,822.0,833.0,
Q202G8,CHAIN,,14.0,667.0,Spike protein S1
Q202G8,CHAIN,,668.0,1255.0,Spike protein S2
Q202G8,CHAIN,,798.0,1255.0,Spike protein S2'
Q202G8,TOPO_DOM,,14.0,1195.0,Extracellular
Q202G8,TRANSMEM,,1196.0,1218.0,Helical
Q202G8,TOPO_DOM,,1217.0,1255.0,Cytoplasmic
Q202G8,DOMAIN,,34.0,324.0,bCoV_S1_N
Q202G8,DOMAIN,,335.0,512.0,bCoV_S1_RBD
Q202G8,DOMAIN,,522.0,578.0,CoV_S1_C
Q202G8,DOMAIN,,693.0,1214.0,CoV_S2
Q202G8,REGION,,306.0,527.0,Receptor-binding domain
Q202G8,REGION,,798.0,819.0,Fusion peptide 1
Q202G8,REGION,,817.0,837.0,Fusion peptide 2
Q202G8,REGION,,902.0,952.0,Heptad repeat 1
Q202G8,REGION,,1145.0,1184.0,Heptad repeat 2
Q202G8,COILED,,931.0,975.0,
Q202G8,COILED,,1157.0,1185.0,
Q202G8,MOTIF,,1251.0,1255.0,KxHxx
Q202G8,SITE,,667.0,668.0,Cleavage
Q202G8,SITE,,797.0,798.0,Cleavage
Q202G8,DISULFID,,323.0,348.0,
Q202G8,DISULFID,,366.0,419.0,
Q202G8,DISULFID,,822.0,833.0,
A0A1W6S796,TRANSMEM,,97.0,117.0,Helical
G8H301,DOMAIN,,1.0,306.0,Peptidase C30
G8H301,NON_TER,,1.0,,
G8H301,NON_TER,,306.0,,
Q202E6,CHAIN,,14.0,667.0,Spike protein S1
Q202E6,CHAIN,,668.0,1255.0,Spike protein S2
Q202E6,CHAIN,,798.0,1255.0,Spike protein S2'
Q202E6,TOPO_DOM,,14.0,1195.0,Extracellular
Q202E6,TRANSMEM,,1196.0,1218.0,Helical
Q202E6,TOPO_DOM,,1217.0,1255.0,Cytoplasmic
Q202E6,DOMAIN,,34.0,324.0,bCoV_S1_N
Q202E6,DOMAIN,,335.0,512.0,bCoV_S1_RBD
Q202E6,DOMAIN,,522.0,578.0,CoV_S1_C
Q202E6,DOMAIN,,693.0,1214.0,CoV_S2
Q202E6,REGION,,306.0,527.0,Receptor-binding domain
Q202E6,REGION,,798.0,819.0,Fusion peptide 1
Q202E6,REGION,,817.0,837.0,Fusion peptide 2
Q202E6,REGION,,902.0,952.0,Heptad repeat 1
Q202E6,REGION,,1145.0,1184.0,Heptad repeat 2
Q202E6,COILED,,931.0,975.0,
Q202E6,COILED,,1157.0,1185.0,
Q202E6,MOTIF,,1251.0,1255.0,KxHxx
Q202E6,SITE,,667.0,668.0,Cleavage
Q202E6,SITE,,797.0,798.0,Cleavage
Q202E6,DISULFID,,323.0,348.0,
Q202E6,DISULFID,,366.0,419.0,
Q202E6,DISULFID,,822.0,833.0,
J9SEF0,TRANSMEM,,39.0,56.0,Helical
J9SEF0,TRANSMEM,,77.0,99.0,Helical
J9SEF0,TRANSMEM,,105.0,125.0,Helical
Q202E9,CHAIN,,14.0,667.0,Spike protein S1
Q202E9,CHAIN,,668.0,1255.0,Spike protein S2
Q202E9,CHAIN,,798.0,1255.0,Spike protein S2'
Q202E9,TOPO_DOM,,14.0,1195.0,Extracellular
Q202E9,TRANSMEM,,1196.0,1218.0,Helical
Q202E9,TOPO_DOM,,1217.0,1255.0,Cytoplasmic
Q202E9,DOMAIN,,34.0,324.0,bCoV_S1_N
Q202E9,DOMAIN,,335.0,512.0,bCoV_S1_RBD
Q202E9,DOMAIN,,522.0,578.0,CoV_S1_C
Q202E9,DOMAIN,,693.0,1214.0,CoV_S2
Q202E9,REGION,,306.0,527.0,Receptor-binding domain
Q202E9,REGION,,798.0,819.0,Fusion peptide 1
Q202E9,REGION,,817.0,837.0,Fusion peptide 2
Q202E9,REGION,,902.0,952.0,Heptad repeat 1
Q202E9,REGION,,1145.0,1184.0,Heptad repeat 2
Q202E9,COILED,,931.0,975.0,
Q202E9,COILED,,1157.0,1185.0,
Q202E9,MOTIF,,1251.0,1255.0,KxHxx
Q202E9,SITE,,667.0,668.0,Cleavage
Q202E9,SITE,,797.0,798.0,Cleavage
Q202E9,DISULFID,,323.0,348.0,
Q202E9,DISULFID,,366.0,419.0,
Q202E9,DISULFID,,822.0,833.0,
Q202F5,CHAIN,,14.0,667.0,Spike protein S1
Q202F5,CHAIN,,668.0,1255.0,Spike protein S2
Q202F5,CHAIN,,798.0,1255.0,Spike protein S2'
Q202F5,TOPO_DOM,,14.0,1195.0,Extracellular
Q202F5,TRANSMEM,,1196.0,1218.0,Helical
Q202F5,TOPO_DOM,,1217.0,1255.0,Cytoplasmic
Q202F5,DOMAIN,,34.0,324.0,bCoV_S1_N
Q202F5,DOMAIN,,335.0,512.0,bCoV_S1_RBD
Q202F5,DOMAIN,,522.0,578.0,CoV_S1_C
Q202F5,DOMAIN,,693.0,1214.0,CoV_S2
Q202F5,REGION,,306.0,527.0,Receptor-binding domain
Q202F5,REGION,,798.0,819.0,Fusion peptide 1
Q202F5,REGION,,817.0,837.0,Fusion peptide 2
Q202F5,REGION,,902.0,952.0,Heptad repeat 1
Q202F5,REGION,,1145.0,1184.0,Heptad repeat 2
Q202F5,COILED,,931.0,975.0,
Q202F5,COILED,,1157.0,1185.0,
Q202F5,MOTIF,,1251.0,1255.0,KxHxx
Q202F5,SITE,,667.0,668.0,Cleavage
Q202F5,SITE,,797.0,798.0,Cleavage
Q202F5,DISULFID,,323.0,348.0,
Q202F5,DISULFID,,366.0,419.0,
Q202F5,DISULFID,,822.0,833.0,
A7J8L8,TOPO_DOM,,1.0,18.0,Virion surface
A7J8L8,TRANSMEM,,19.0,38.0,Helical
A7J8L8,TOPO_DOM,,40.0,49.0,Intravirion
A7J8L8,TRANSMEM,,50.0,72.0,Helical
A7J8L8,TOPO_DOM,,71.0,78.0,Virion surface
A7J8L8,TRANSMEM,,78.0,102.0,Helical
A7J8L8,TOPO_DOM,,100.0,221.0,Intravirion
G8H303,DOMAIN,,1.0,122.0,CoV_NSP10
G8H303,NON_TER,,1.0,,
A0A1W6S789,CHAIN,,14.0,667.0,Spike protein S1
A0A1W6S789,CHAIN,,668.0,1255.0,Spike protein S2
A0A1W6S789,CHAIN,,798.0,1255.0,Spike protein S2'
A0A1W6S789,TOPO_DOM,,14.0,1195.0,Extracellular
A0A1W6S789,TRANSMEM,,1196.0,1218.0,Helical
A0A1W6S789,TOPO_DOM,,1217.0,1255.0,Cytoplasmic
A0A1W6S789,DOMAIN,,34.0,324.0,bCoV_S1_N
A0A1W6S789,DOMAIN,,335.0,512.0,bCoV_S1_RBD
A0A1W6S789,DOMAIN,,522.0,578.0,CoV_S1_C
A0A1W6S789,DOMAIN,,693.0,1214.0,CoV_S2
A0A1W6S789,REGION,,306.0,527.0,Receptor-binding domain
A0A1W6S789,REGION,,798.0,819.0,Fusion peptide 1
A0A1W6S789,REGION,,817.0,837.0,Fusion peptide 2
A0A1W6S789,REGION,,902.0,952.0,Heptad repeat 1
A0A1W6S789,REGION,,1145.0,1184.0,Heptad repeat 2
A0A1W6S789,COILED,,931.0,975.0,
A0A1W6S789,COILED,,1157.0,1185.0,
A0A1W6S789,MOTIF,,1251.0,1255.0,KxHxx
A0A1W6S789,SITE,,667.0,668.0,Cleavage
A0A1W6S789,SITE,,797.0,798.0,Cleavage
A0A1W6S789,DISULFID,,323.0,348.0,
A0A1W6S789,DISULFID,,366.0,419.0,
A0A1W6S789,DISULFID,,822.0,833.0,
A0A3S6GS72,TRANSMEM,,2180.0,2208.0,Helical
A0A3S6GS72,TRANSMEM,,2282.0,2305.0,Helical
A0A3S6GS72,TRANSMEM,,2317.0,2339.0,Helical
A0A3S6GS72,TRANSMEM,,2727.0,2745.0,Helical
A0A3S6GS72,TRANSMEM,,2997.0,3019.0,Helical
A0A3S6GS72,TRANSMEM,,3031.0,3052.0,Helical
A0A3S6GS72,TRANSMEM,,3090.0,3111.0,Helical
A0A3S6GS72,TRANSMEM,,3536.0,3559.0,Helical
A0A3S6GS72,TRANSMEM,,3565.0,3583.0,Helical
A0A3S6GS72,TRANSMEM,,3590.0,3611.0,Helical
A0A3S6GS72,TRANSMEM,,3637.0,3655.0,Helical
A0A3S6GS72,TRANSMEM,,3676.0,3695.0,Helical
A0A3S6GS72,TRANSMEM,,3701.0,3725.0,Helical
A0A3S6GS72,TRANSMEM,,3732.0,3751.0,Helical
A0A3S6GS72,DOMAIN,,991.0,1157.0,Macro
A0A3S6GS72,DOMAIN,,1588.0,1852.0,Peptidase C16
A0A3S6GS72,DOMAIN,,3218.0,3523.0,Peptidase C30
A0A3S6GS72,DOMAIN,,4958.0,5120.0,RdRp catalytic
A0A3S6GS72,DOMAIN,,5279.0,5362.0,CV ZBD
A0A3S6GS72,DOMAIN,,5535.0,5886.0,(+)RNA virus helicase C-terminal
A0A3S6GS72,COILED,,959.0,979.0,
Q202H5,CHAIN,,14.0,667.0,Spike protein S1
Q202H5,CHAIN,,668.0,1255.0,Spike protein S2
Q202H5,CHAIN,,798.0,1255.0,Spike protein S2'
Q202H5,TOPO_DOM,,14.0,1195.0,Extracellular
Q202H5,TRANSMEM,,1196.0,1218.0,Helical
Q202H5,TOPO_DOM,,1217.0,1255.0,Cytoplasmic
Q202H5,DOMAIN,,34.0,324.0,bCoV_S1_N
Q202H5,DOMAIN,,335.0,512.0,bCoV_S1_RBD
Q202H5,DOMAIN,,522.0,578.0,CoV_S1_C
Q202H5,DOMAIN,,693.0,1214.0,CoV_S2
Q202H5,REGION,,306.0,527.0,Receptor-binding domain
Q202H5,REGION,,798.0,819.0,Fusion peptide 1
Q202H5,REGION,,817.0,837.0,Fusion peptide 2
Q202H5,REGION,,902.0,952.0,Heptad repeat 1
Q202H5,REGION,,1145.0,1184.0,Heptad repeat 2
Q202H5,COILED,,931.0,975.0,
Q202H5,COILED,,1157.0,1185.0,
Q202H5,MOTIF,,1251.0,1255.0,KxHxx
Q202H5,SITE,,667.0,668.0,Cleavage
Q202H5,SITE,,797.0,798.0,Cleavage
Q202H5,DISULFID,,323.0,348.0,
Q202H5,DISULFID,,366.0,419.0,
Q202H5,DISULFID,,822.0,833.0,
A0A1W6S783,DOMAIN,,9.0,131.0,CoV_NSP10
A0A1W6S783,NON_TER,,1.0,,
A0A1W6S783,NON_TER,,139.0,,
G8H306,DOMAIN,,2.0,297.0,CoV_Methyltr_2
G8H306,NON_TER,,1.0,,
G8H306,NON_TER,,298.0,,
J9TBE8,TRANSMEM,,2206.0,2231.0,Helical
J9TBE8,TRANSMEM,,2314.0,2333.0,Helical
J9TBE8,TRANSMEM,,2340.0,2371.0,Helical
J9TBE8,TRANSMEM,,2749.0,2768.0,Helical
J9TBE8,TRANSMEM,,3020.0,3042.0,Helical
J9TBE8,TRANSMEM,,3054.0,3078.0,Helical
J9TBE8,TRANSMEM,,3115.0,3134.0,Helical
J9TBE8,TRANSMEM,,3559.0,3582.0,Helical
J9TBE8,TRANSMEM,,3588.0,3606.0,Helical
J9TBE8,TRANSMEM,,3613.0,3634.0,Helical
J9TBE8,TRANSMEM,,3660.0,3678.0,Helical
J9TBE8,TRANSMEM,,3685.0,3701.0,Helical
J9TBE8,TRANSMEM,,3721.0,3743.0,Helical
J9TBE8,TRANSMEM,,3755.0,3774.0,Helical
J9TBE8,DOMAIN,,1003.0,1169.0,Macro
J9TBE8,DOMAIN,,1611.0,1875.0,Peptidase C16
J9TBE8,DOMAIN,,3241.0,3546.0,Peptidase C30
J9TBE8,DOMAIN,,4981.0,5143.0,RdRp catalytic
J9TBE8,DOMAIN,,5302.0,5385.0,CV ZBD
J9TBE8,DOMAIN,,5558.0,5909.0,(+)RNA virus helicase C-terminal
J9TBE8,REGION,,972.0,1003.0,Disordered
J9TBE8,REGION,,1175.0,1198.0,Disordered
J9TBE8,COMPBIAS,,972.0,997.0,Acidic residues
A0A7R6WCH9,DOMAIN,,1.0,145.0,RdRp catalytic
A0A7R6WCH9,NON_TER,,1.0,,
A0A7R6WCH9,NON_TER,,145.0,,
A0A7R6WD98,CHAIN,,649.0,1236.0,Spike protein S2
A0A7R6WD98,CHAIN,,779.0,1236.0,Spike protein S2'
A0A7R6WD98,TRANSMEM,,1177.0,1199.0,Helical
A0A7R6WD98,TOPO_DOM,,1198.0,1236.0,Cytoplasmic
A0A7R6WD98,DOMAIN,,36.0,323.0,bCoV_S1_N
A0A7R6WD98,DOMAIN,,334.0,493.0,bCoV_S1_RBD
A0A7R6WD98,DOMAIN,,503.0,559.0,CoV_S1_C
A0A7R6WD98,DOMAIN,,674.0,1195.0,CoV_S2
A0A7R6WD98,REGION,,779.0,800.0,Fusion peptide 1
A0A7R6WD98,REGION,,798.0,818.0,Fusion peptide 2
A0A7R6WD98,REGION,,883.0,933.0,Heptad repeat 1
A0A7R6WD98,REGION,,1126.0,1165.0,Heptad repeat 2
A0A7R6WD98,COILED,,912.0,956.0,
A0A7R6WD98,COILED,,1138.0,1166.0,
A0A7R6WD98,MOTIF,,1232.0,1236.0,KxHxx
A0A7R6WD98,SITE,,778.0,779.0,Cleavage
A0A7R6WD98,DISULFID,,322.0,347.0,
A0A7R6WD98,DISULFID,,365.0,418.0,
A0A7R6WD98,DISULFID,,803.0,814.0,
A7J8M0,TRANSMEM,,97.0,117.0,Helical
A0A1W6S776,TRANSMEM,,2206.0,2231.0,Helical
A0A1W6S776,TRANSMEM,,2314.0,2336.0,Helical
A0A1W6S776,TRANSMEM,,2342.0,2370.0,Helical
A0A1W6S776,TRANSMEM,,2749.0,2768.0,Helical
A0A1W6S776,TRANSMEM,,3020.0,3042.0,Helical
A0A1W6S776,TRANSMEM,,3054.0,3078.0,Helical
A0A1W6S776,TRANSMEM,,3115.0,3134.0,Helical
A0A1W6S776,TRANSMEM,,3559.0,3582.0,Helical
A0A1W6S776,TRANSMEM,,3588.0,3606.0,Helical
A0A1W6S776,TRANSMEM,,3613.0,3634.0,Helical
A0A1W6S776,TRANSMEM,,3660.0,3678.0,Helical
A0A1W6S776,TRANSMEM,,3685.0,3701.0,Helical
A0A1W6S776,TRANSMEM,,3721.0,3743.0,Helical
A0A1W6S776,TRANSMEM,,3755.0,3774.0,Helical
A0A1W6S776,DOMAIN,,1004.0,1170.0,Macro
A0A1W6S776,DOMAIN,,1611.0,1875.0,Peptidase C16
A0A1W6S776,DOMAIN,,3241.0,3546.0,Peptidase C30
A0A1W6S776,REGION,,973.0,1002.0,Disordered
A0A1W6S776,REGION,,1177.0,1200.0,Disordered
A0A1W6S776,COMPBIAS,,973.0,998.0,Acidic residues
Q19QX1,TRANSMEM,,2206.0,2231.0,Helical
Q19QX1,TRANSMEM,,2314.0,2333.0,Helical
Q19QX1,TRANSMEM,,2340.0,2371.0,Helical
Q19QX1,TRANSMEM,,2749.0,2768.0,Helical
Q19QX1,TRANSMEM,,3020.0,3042.0,Helical
Q19QX1,TRANSMEM,,3054.0,3078.0,Helical
Q19QX1,TRANSMEM,,3115.0,3134.0,Helical
Q19QX1,TRANSMEM,,3559.0,3582.0,Helical
Q19QX1,TRANSMEM,,3588.0,3606.0,Helical
Q19QX1,TRANSMEM,,3613.0,3634.0,Helical
Q19QX1,TRANSMEM,,3660.0,3678.0,Helical
Q19QX1,TRANSMEM,,3685.0,3701.0,Helical
Q19QX1,TRANSMEM,,3721.0,3743.0,Helical
Q19QX1,TRANSMEM,,3755.0,3774.0,Helical
Q19QX1,DOMAIN,,1003.0,1169.0,Macro
Q19QX1,DOMAIN,,1611.0,1875.0,Peptidase C16
Q19QX1,DOMAIN,,3241.0,3546.0,Peptidase C30
Q19QX1,REGION,,973.0,1004.0,Disordered
Q19QX1,REGION,,1175.0,1197.0,Disordered
Q19QX1,COMPBIAS,,973.0,997.0,Acidic residues
A0A1W6S784,DOMAIN,,1.0,144.0,RdRP_1
A0A1W6S784,NON_TER,,1.0,,
A0A1W6S784,NON_TER,,147.0,,
J9TEM7,TRANSMEM,,43.0,64.0,Helical
J9TEM7,TRANSMEM,,76.0,99.0,Helical
J9TEM7,TRANSMEM,,105.0,125.0,Helical
Q19QW6,TOPO_DOM,,1.0,18.0,Virion surface
Q19QW6,TRANSMEM,,19.0,38.0,Helical
Q19QW6,TOPO_DOM,,40.0,49.0,Intravirion
Q19QW6,TRANSMEM,,50.0,72.0,Helical
Q19QW6,TOPO_DOM,,71.0,78.0,Virion surface
Q19QW6,TRANSMEM,,78.0,102.0,Helical
Q19QW6,TOPO_DOM,,100.0,221.0,Intravirion
A0A220F1P8,DOMAIN,,4.0,128.0,RdRP_1
A0A220F1P8,NON_TER,,1.0,,
A0A220F1P8,NON_TER,,136.0,,
A0A3S6GSS4,REGION,,1.0,49.0,Disordered
A0A3S6GSS4,REGION,,167.0,211.0,Disordered
A0A3S6GSS4,REGION,,232.0,266.0,Disordered
A0A3S6GSS4,REGION,,360.0,392.0,Disordered
A0A3S6GSS4,COMPBIAS,,1.0,30.0,Polar residues
A0A3S6GSS4,COMPBIAS,,176.0,211.0,Polar residues
A0A3S6GSS4,COMPBIAS,,232.0,250.0,Polar residues
A0A3S6GSS4,COMPBIAS,,361.0,381.0,Basic and acidic residues
A0A3S6GSS4,MOD_RES,,175.0,,Phosphoserine; by host
A0A3S6GSS4,MOD_RES,,403.0,,Phosphoserine; by host
A0A7R6WCE5,TOPO_DOM,,1.0,16.0,Virion surface
A0A7R6WCE5,TOPO_DOM,,38.0,76.0,Intravirion
A0A3Q8AHU5,TOPO_DOM,,1.0,16.0,Virion surface
A0A3Q8AHU5,TRANSMEM,,12.0,37.0,Helical
A0A3Q8AHU5,TOPO_DOM,,38.0,76.0,Intravirion
J9TEN5,TRANSMEM,,97.0,117.0,Helical
A0A3S6GSH8,TOPO_DOM,,1.0,18.0,Virion surface
A0A3S6GSH8,TRANSMEM,,19.0,38.0,Helical
A0A3S6GSH8,TOPO_DOM,,40.0,49.0,Intravirion
A0A3S6GSH8,TRANSMEM,,50.0,72.0,Helical
A0A3S6GSH8,TOPO_DOM,,71.0,78.0,Virion surface
A0A3S6GSH8,TRANSMEM,,78.0,97.0,Helical
A0A3S6GSH8,TOPO_DOM,,100.0,221.0,Intravirion
A0A1W6S798,TRANSMEM,,43.0,64.0,Helical
A0A1W6S798,TRANSMEM,,76.0,99.0,Helical
A0A1W6S798,TRANSMEM,,105.0,125.0,Helical
A0A7R6WEK9,TRANSMEM,,97.0,117.0,Helical
A0A1W6S771,DOMAIN,,1.0,145.0,RdRp catalytic
A0A1W6S771,NON_TER,,1.0,,
A0A1W6S771,NON_TER,,145.0,,
A0A7R6WDS7,CHAIN,,14.0,667.0,Spike protein S1
A0A7R6WDS7,CHAIN,,668.0,1255.0,Spike protein S2
A0A7R6WDS7,CHAIN,,798.0,1255.0,Spike protein S2'
A0A7R6WDS7,TOPO_DOM,,14.0,1195.0,Extracellular
A0A7R6WDS7,TRANSMEM,,1196.0,1218.0,Helical
A0A7R6WDS7,TOPO_DOM,,1217.0,1255.0,Cytoplasmic
A0A7R6WDS7,DOMAIN,,34.0,324.0,bCoV_S1_N
A0A7R6WDS7,DOMAIN,,335.0,512.0,bCoV_S1_RBD
A0A7R6WDS7,DOMAIN,,522.0,578.0,CoV_S1_C
A0A7R6WDS7,DOMAIN,,693.0,1214.0,CoV_S2
A0A7R6WDS7,REGION,,306.0,527.0,Receptor-binding domain
A0A7R6WDS7,REGION,,798.0,819.0,Fusion peptide 1
A0A7R6WDS7,REGION,,817.0,837.0,Fusion peptide 2
A0A7R6WDS7,REGION,,902.0,952.0,Heptad repeat 1
A0A7R6WDS7,REGION,,1145.0,1184.0,Heptad repeat 2
A0A7R6WDS7,COILED,,931.0,975.0,
A0A7R6WDS7,COILED,,1157.0,1185.0,
A0A7R6WDS7,MOTIF,,1251.0,1255.0,KxHxx
A0A7R6WDS7,SITE,,667.0,668.0,Cleavage
A0A7R6WDS7,SITE,,797.0,798.0,Cleavage
A0A7R6WDS7,DISULFID,,323.0,348.0,
A0A7R6WDS7,DISULFID,,366.0,419.0,
A0A7R6WDS7,DISULFID,,822.0,833.0,
J9TDZ0,CHAIN,,14.0,667.0,Spike protein S1
J9TDZ0,CHAIN,,668.0,1255.0,Spike protein S2
J9TDZ0,CHAIN,,798.0,1255.0,Spike protein S2'
J9TDZ0,TOPO_DOM,,14.0,1195.0,Extracellular
J9TDZ0,TRANSMEM,,1196.0,1218.0,Helical
J9TDZ0,TOPO_DOM,,1217.0,1255.0,Cytoplasmic
J9TDZ0,DOMAIN,,34.0,324.0,bCoV_S1_N
J9TDZ0,DOMAIN,,335.0,512.0,bCoV_S1_RBD
J9TDZ0,DOMAIN,,522.0,578.0,CoV_S1_C
J9TDZ0,DOMAIN,,693.0,1214.0,CoV_S2
J9TDZ0,REGION,,306.0,527.0,Receptor-binding domain
J9TDZ0,REGION,,798.0,819.0,Fusion peptide 1
J9TDZ0,REGION,,817.0,837.0,Fusion peptide 2
J9TDZ0,REGION,,902.0,952.0,Heptad repeat 1
J9TDZ0,REGION,,1145.0,1184.0,Heptad repeat 2
J9TDZ0,COILED,,931.0,975.0,
J9TDZ0,COILED,,1157.0,1185.0,
J9TDZ0,MOTIF,,1251.0,1255.0,KxHxx
J9TDZ0,SITE,,667.0,668.0,Cleavage
J9TDZ0,SITE,,797.0,798.0,Cleavage
J9TDZ0,DISULFID,,323.0,348.0,
J9TDZ0,DISULFID,,366.0,419.0,
J9TDZ0,DISULFID,,822.0,833.0,
J9TBX8,TOPO_DOM,,1.0,18.0,Virion surface
J9TBX8,TRANSMEM,,19.0,38.0,Helical
J9TBX8,TOPO_DOM,,40.0,49.0,Intravirion
J9TBX8,TRANSMEM,,50.0,69.0,Helical
J9TBX8,TOPO_DOM,,71.0,78.0,Virion surface
J9TBX8,TRANSMEM,,75.0,97.0,Helical
J9TBX8,TOPO_DOM,,100.0,221.0,Intravirion
A0A7R6WEA1,TOPO_DOM,,1.0,18.0,Virion surface
A0A7R6WEA1,TRANSMEM,,19.0,38.0,Helical
A0A7R6WEA1,TOPO_DOM,,40.0,49.0,Intravirion
A0A7R6WEA1,TRANSMEM,,50.0,72.0,Helical
A0A7R6WEA1,TOPO_DOM,,71.0,78.0,Virion surface
A0A7R6WEA1,TRANSMEM,,78.0,102.0,Helical
A0A7R6WEA1,TOPO_DOM,,100.0,221.0,Intravirion
C8YZ74,TRANSMEM,,2206.0,2231.0,Helical
C8YZ74,TRANSMEM,,2314.0,2333.0,Helical
C8YZ74,TRANSMEM,,2340.0,2371.0,Helical
C8YZ74,TRANSMEM,,2746.0,2768.0,Helical
C8YZ74,TRANSMEM,,3020.0,3042.0,Helical
C8YZ74,TRANSMEM,,3054.0,3078.0,Helical
C8YZ74,TRANSMEM,,3115.0,3134.0,Helical
C8YZ74,TRANSMEM,,3559.0,3582.0,Helical
C8YZ74,TRANSMEM,,3588.0,3606.0,Helical
C8YZ74,TRANSMEM,,3613.0,3634.0,Helical
C8YZ74,TRANSMEM,,3660.0,3678.0,Helical
C8YZ74,TRANSMEM,,3685.0,3701.0,Helical
C8YZ74,TRANSMEM,,3721.0,3743.0,Helical
C8YZ74,TRANSMEM,,3755.0,3774.0,Helical
C8YZ74,DOMAIN,,1003.0,1169.0,Macro
C8YZ74,DOMAIN,,1611.0,1875.0,Peptidase C16
C8YZ74,DOMAIN,,3241.0,3546.0,Peptidase C30
C8YZ74,REGION,,972.0,1003.0,Disordered
C8YZ74,REGION,,1175.0,1198.0,Disordered
C8YZ74,COMPBIAS,,972.0,997.0,Acidic residues
Q19QX0,CHAIN,,14.0,667.0,Spike protein S1
Q19QX0,CHAIN,,668.0,1255.0,Spike protein S2
Q19QX0,CHAIN,,798.0,1255.0,Spike protein S2'
Q19QX0,TOPO_DOM,,14.0,1195.0,Extracellular
Q19QX0,TRANSMEM,,1196.0,1218.0,Helical
Q19QX0,TOPO_DOM,,1217.0,1255.0,Cytoplasmic
Q19QX0,DOMAIN,,34.0,324.0,bCoV_S1_N
Q19QX0,DOMAIN,,335.0,512.0,bCoV_S1_RBD
Q19QX0,DOMAIN,,522.0,578.0,CoV_S1_C
Q19QX0,DOMAIN,,693.0,1214.0,CoV_S2
Q19QX0,REGION,,306.0,527.0,Receptor-binding domain
Q19QX0,REGION,,798.0,819.0,Fusion peptide 1
Q19QX0,REGION,,817.0,837.0,Fusion peptide 2
Q19QX0,REGION,,902.0,952.0,Heptad repeat 1
Q19QX0,REGION,,1145.0,1184.0,Heptad repeat 2
Q19QX0,COILED,,931.0,975.0,
Q19QX0,COILED,,1157.0,1185.0,
Q19QX0,MOTIF,,1251.0,1255.0,KxHxx
Q19QX0,SITE,,667.0,668.0,Cleavage
Q19QX0,SITE,,797.0,798.0,Cleavage
Q19QX0,DISULFID,,323.0,348.0,
Q19QX0,DISULFID,,366.0,419.0,
Q19QX0,DISULFID,,822.0,833.0,
A0A3Q8ARD5,TRANSMEM,,33.0,54.0,Helical
A0A3Q8ARD5,TRANSMEM,,75.0,97.0,Helical
A0A3Q8ARD5,TRANSMEM,,103.0,123.0,Helical
Q202F9,CHAIN,,14.0,667.0,Spike protein S1
Q202F9,CHAIN,,668.0,1255.0,Spike protein S2
Q202F9,CHAIN,,798.0,1255.0,Spike protein S2'
Q202F9,TOPO_DOM,,14.0,1195.0,Extracellular
Q202F9,TRANSMEM,,1196.0,1218.0,Helical
Q202F9,TOPO_DOM,,1217.0,1255.0,Cytoplasmic
Q202F9,DOMAIN,,34.0,324.0,bCoV_S1_N
Q202F9,DOMAIN,,335.0,512.0,bCoV_S1_RBD
Q202F9,DOMAIN,,522.0,578.0,CoV_S1_C
Q202F9,DOMAIN,,693.0,1214.0,CoV_S2
Q202F9,REGION,,306.0,527.0,Receptor-binding domain
Q202F9,REGION,,798.0,819.0,Fusion peptide 1
Q202F9,REGION,,817.0,837.0,Fusion peptide 2
Q202F9,REGION,,902.0,952.0,Heptad repeat 1
Q202F9,REGION,,1145.0,1184.0,Heptad repeat 2
Q202F9,COILED,,931.0,975.0,
Q202F9,COILED,,1157.0,1185.0,
Q202F9,MOTIF,,1251.0,1255.0,KxHxx
Q202F9,SITE,,667.0,668.0,Cleavage
Q202F9,SITE,,797.0,798.0,Cleavage
Q202F9,DISULFID,,323.0,348.0,
Q202F9,DISULFID,,366.0,419.0,
Q202F9,DISULFID,,822.0,833.0,
A0A1W6S794,CHAIN,,671.0,1257.0,Spike protein S2
A0A1W6S794,CHAIN,,801.0,1257.0,Spike protein S2'
A0A1W6S794,TRANSMEM,,1199.0,1222.0,Helical
A0A1W6S794,TOPO_DOM,,1220.0,1257.0,Cytoplasmic
A0A1W6S794,DOMAIN,,35.0,327.0,bCoV_S1_N
A0A1W6S794,DOMAIN,,338.0,515.0,bCoV_S1_RBD
A0A1W6S794,DOMAIN,,525.0,580.0,CoV_S1_C
A0A1W6S794,DOMAIN,,697.0,1217.0,CoV_S2
A0A1W6S794,REGION,,309.0,530.0,Receptor-binding domain
A0A1W6S794,REGION,,801.0,822.0,Fusion peptide 1
A0A1W6S794,REGION,,820.0,840.0,Fusion peptide 2
A0A1W6S794,REGION,,905.0,955.0,Heptad repeat 1
A0A1W6S794,REGION,,1148.0,1187.0,Heptad repeat 2
A0A1W6S794,COILED,,934.0,978.0,
A0A1W6S794,COILED,,1160.0,1188.0,
A0A1W6S794,MOTIF,,1253.0,1257.0,KxHxx
A0A1W6S794,SITE,,800.0,801.0,Cleavage
A0A1W6S794,DISULFID,,326.0,351.0,
A0A1W6S794,DISULFID,,370.0,423.0,
A0A1W6S794,DISULFID,,825.0,836.0,
A0A7R7AIP5,REGION,,1.0,50.0,Disordered
A0A7R7AIP5,REGION,,169.0,214.0,Disordered
A0A7R7AIP5,REGION,,234.0,266.0,Disordered
A0A7R7AIP5,REGION,,362.0,422.0,Disordered
A0A7R7AIP5,COMPBIAS,,1.0,35.0,Polar residues
A0A7R7AIP5,COMPBIAS,,178.0,209.0,Polar residues
A0A7R7AIP5,COMPBIAS,,234.0,252.0,Polar residues
A0A7R7AIP5,COMPBIAS,,363.0,385.0,Basic and acidic residues
A0A7R7AIP5,COMPBIAS,,404.0,422.0,Polar residues
A0A7R7AIP5,MOD_RES,,177.0,,Phosphoserine; by host
A0A7R7AIP5,MOD_RES,,405.0,,Phosphoserine; by host
A0A7R6WD52,DOMAIN,,1.0,145.0,RdRp catalytic
A0A7R6WD52,NON_TER,,1.0,,
A0A7R6WD52,NON_TER,,145.0,,
J9TEG5,TOPO_DOM,,1.0,18.0,Virion surface
J9TEG5,TRANSMEM,,19.0,38.0,Helical
J9TEG5,TOPO_DOM,,40.0,49.0,Intravirion
J9TEG5,TRANSMEM,,50.0,72.0,Helical
J9TEG5,TOPO_DOM,,71.0,78.0,Virion surface
J9TEG5,TRANSMEM,,78.0,102.0,Helical
J9TEG5,TOPO_DOM,,100.0,221.0,Intravirion
G8H304,DOMAIN,,15.0,366.0,CoV_RPol_N
G8H304,NON_TER,,1.0,,
G8H304,NON_TER,,385.0,,
A0A3Q8B233,DOMAIN,,4.0,525.0,CoV_Methyltr_1
A0A3Q8B233,NON_TER,,1.0,,
A0A3Q8B233,NON_TER,,527.0,,
A0A3S6GUI8,TRANSMEM,,98.0,116.0,Helical
A0A1W6S782,TRANSMEM,,97.0,117.0,Helical
A0A7R6WCE7,TRANSMEM,,12.0,32.0,Helical
A0A7R6WD54,CHAIN,,14.0,667.0,Spike protein S1
A0A7R6WD54,CHAIN,,668.0,1255.0,Spike protein S2
A0A7R6WD54,CHAIN,,798.0,1255.0,Spike protein S2'
A0A7R6WD54,TOPO_DOM,,14.0,1195.0,Extracellular
A0A7R6WD54,TRANSMEM,,1196.0,1218.0,Helical
A0A7R6WD54,TOPO_DOM,,1217.0,1255.0,Cytoplasmic
A0A7R6WD54,DOMAIN,,34.0,324.0,bCoV_S1_N
A0A7R6WD54,DOMAIN,,335.0,512.0,bCoV_S1_RBD
A0A7R6WD54,DOMAIN,,522.0,578.0,CoV_S1_C
A0A7R6WD54,DOMAIN,,693.0,1214.0,CoV_S2
A0A7R6WD54,REGION,,306.0,527.0,Receptor-binding domain
A0A7R6WD54,REGION,,798.0,819.0,Fusion peptide 1
A0A7R6WD54,REGION,,817.0,837.0,Fusion peptide 2
A0A7R6WD54,REGION,,902.0,952.0,Heptad repeat 1
A0A7R6WD54,REGION,,1145.0,1184.0,Heptad repeat 2
A0A7R6WD54,COILED,,931.0,975.0,
A0A7R6WD54,COILED,,1157.0,1185.0,
A0A7R6WD54,MOTIF,,1251.0,1255.0,KxHxx
A0A7R6WD54,SITE,,667.0,668.0,Cleavage
A0A7R6WD54,SITE,,797.0,798.0,Cleavage
A0A7R6WD54,DISULFID,,323.0,348.0,
A0A7R6WD54,DISULFID,,366.0,419.0,
A0A7R6WD54,DISULFID,,822.0,833.0,
Q7T6S2,TRANSMEM,,7.0,30.0,Helical
J9SE37,TRANSMEM,,2206.0,2231.0,Helical
J9SE37,TRANSMEM,,2314.0,2333.0,Helical
J9SE37,TRANSMEM,,2340.0,2371.0,Helical
J9SE37,TRANSMEM,,2749.0,2768.0,Helical
J9SE37,TRANSMEM,,3020.0,3042.0,Helical
J9SE37,TRANSMEM,,3054.0,3078.0,Helical
J9SE37,TRANSMEM,,3115.0,3134.0,Helical
J9SE37,TRANSMEM,,3559.0,3582.0,Helical
J9SE37,TRANSMEM,,3588.0,3606.0,Helical
J9SE37,TRANSMEM,,3613.0,3634.0,Helical
J9SE37,TRANSMEM,,3660.0,3678.0,Helical
J9SE37,TRANSMEM,,3685.0,3701.0,Helical
J9SE37,TRANSMEM,,3721.0,3743.0,Helical
J9SE37,TRANSMEM,,3755.0,3774.0,Helical
J9SE37,DOMAIN,,1003.0,1169.0,Macro
J9SE37,DOMAIN,,1611.0,1875.0,Peptidase C16
J9SE37,DOMAIN,,3241.0,3546.0,Peptidase C30
J9SE37,REGION,,973.0,1004.0,Disordered
J9SE37,REGION,,1175.0,1197.0,Disordered
J9SE37,COMPBIAS,,973.0,997.0,Acidic residues
Q202F4,CHAIN,,14.0,667.0,Spike protein S1
Q202F4,CHAIN,,668.0,1255.0,Spike protein S2
Q202F4,CHAIN,,798.0,1255.0,Spike protein S2'
Q202F4,TOPO_DOM,,14.0,1195.0,Extracellular
Q202F4,TRANSMEM,,1196.0,1218.0,Helical
Q202F4,TOPO_DOM,,1217.0,1255.0,Cytoplasmic
Q202F4,DOMAIN,,34.0,324.0,bCoV_S1_N
Q202F4,DOMAIN,,335.0,512.0,bCoV_S1_RBD
Q202F4,DOMAIN,,522.0,578.0,CoV_S1_C
Q202F4,DOMAIN,,693.0,1214.0,CoV_S2
Q202F4,REGION,,306.0,527.0,Receptor-binding domain
Q202F4,REGION,,798.0,819.0,Fusion peptide 1
Q202F4,REGION,,817.0,837.0,Fusion peptide 2
Q202F4,REGION,,902.0,952.0,Heptad repeat 1
Q202F4,REGION,,1145.0,1184.0,Heptad repeat 2
Q202F4,COILED,,931.0,975.0,
Q202F4,COILED,,1157.0,1185.0,
Q202F4,MOTIF,,1251.0,1255.0,KxHxx
Q202F4,SITE,,667.0,668.0,Cleavage
Q202F4,SITE,,797.0,798.0,Cleavage
Q202F4,DISULFID,,323.0,348.0,
Q202F4,DISULFID,,366.0,419.0,
Q202F4,DISULFID,,822.0,833.0,
Q6S8D9,TRANSMEM,,2206.0,2231.0,Helical
Q6S8D9,TRANSMEM,,2314.0,2333.0,Helical
Q6S8D9,TRANSMEM,,2340.0,2371.0,Helical
Q6S8D9,TRANSMEM,,2749.0,2768.0,Helical
Q6S8D9,TRANSMEM,,3020.0,3042.0,Helical
Q6S8D9,TRANSMEM,,3054.0,3078.0,Helical
Q6S8D9,TRANSMEM,,3115.0,3134.0,Helical
Q6S8D9,TRANSMEM,,3559.0,3582.0,Helical
Q6S8D9,TRANSMEM,,3588.0,3606.0,Helical
Q6S8D9,TRANSMEM,,3613.0,3634.0,Helical
Q6S8D9,TRANSMEM,,3660.0,3678.0,Helical
Q6S8D9,TRANSMEM,,3685.0,3701.0,Helical
Q6S8D9,TRANSMEM,,3721.0,3743.0,Helical
Q6S8D9,TRANSMEM,,3755.0,3774.0,Helical
Q6S8D9,DOMAIN,,1003.0,1169.0,Macro
Q6S8D9,DOMAIN,,1611.0,1875.0,Peptidase C16
Q6S8D9,DOMAIN,,3241.0,3546.0,Peptidase C30
Q6S8D9,DOMAIN,,4981.0,5143.0,RdRp catalytic
Q6S8D9,DOMAIN,,5302.0,5385.0,CV ZBD
Q6S8D9,DOMAIN,,5558.0,5909.0,(+)RNA virus helicase C-terminal
Q6S8D9,REGION,,972.0,1003.0,Disordered
Q6S8D9,REGION,,1175.0,1198.0,Disordered
Q6S8D9,COMPBIAS,,972.0,997.0,Acidic residues
Q19QW8,TRANSMEM,,97.0,117.0,Helical
J9SFL2,CHAIN,,14.0,667.0,Spike protein S1
J9SFL2,CHAIN,,668.0,1255.0,Spike protein S2
J9SFL2,CHAIN,,798.0,1255.0,Spike protein S2'
J9SFL2,TOPO_DOM,,14.0,1195.0,Extracellular
J9SFL2,TRANSMEM,,1196.0,1218.0,Helical
J9SFL2,TOPO_DOM,,1217.0,1255.0,Cytoplasmic
J9SFL2,DOMAIN,,34.0,324.0,bCoV_S1_N
J9SFL2,DOMAIN,,335.0,512.0,bCoV_S1_RBD
J9SFL2,DOMAIN,,522.0,578.0,CoV_S1_C
J9SFL2,DOMAIN,,693.0,1214.0,CoV_S2
J9SFL2,REGION,,306.0,527.0,Receptor-binding domain
J9SFL2,REGION,,798.0,819.0,Fusion peptide 1
J9SFL2,REGION,,817.0,837.0,Fusion peptide 2
J9SFL2,REGION,,902.0,952.0,Heptad repeat 1
J9SFL2,REGION,,1145.0,1184.0,Heptad repeat 2
J9SFL2,COILED,,931.0,975.0,
J9SFL2,COILED,,1157.0,1185.0,
J9SFL2,MOTIF,,1251.0,1255.0,KxHxx
J9SFL2,SITE,,667.0,668.0,Cleavage
J9SFL2,SITE,,797.0,798.0,Cleavage
J9SFL2,DISULFID,,323.0,348.0,
J9SFL2,DISULFID,,366.0,419.0,
J9SFL2,DISULFID,,822.0,833.0,
Q6S8E1,REGION,,1.0,52.0,Disordered
Q6S8E1,REGION,,167.0,214.0,Disordered
Q6S8E1,REGION,,234.0,287.0,Disordered
Q6S8E1,REGION,,362.0,422.0,Disordered
Q6S8E1,COMPBIAS,,1.0,35.0,Polar residues
Q6S8E1,COMPBIAS,,178.0,209.0,Polar residues
Q6S8E1,COMPBIAS,,234.0,252.0,Polar residues
Q6S8E1,COMPBIAS,,265.0,287.0,Polar residues
Q6S8E1,COMPBIAS,,363.0,383.0,Basic and acidic residues
Q6S8E1,COMPBIAS,,404.0,422.0,Polar residues
Q6S8E1,MOD_RES,,177.0,,Phosphoserine; by host
Q6S8E1,MOD_RES,,405.0,,Phosphoserine; by host
J9T4N3,TRANSMEM,,2206.0,2231.0,Helical
J9T4N3,TRANSMEM,,2314.0,2333.0,Helical
J9T4N3,TRANSMEM,,2340.0,2371.0,Helical
J9T4N3,TRANSMEM,,2749.0,2768.0,Helical
J9T4N3,TRANSMEM,,3020.0,3042.0,Helical
J9T4N3,TRANSMEM,,3054.0,3078.0,Helical
J9T4N3,TRANSMEM,,3115.0,3134.0,Helical
J9T4N3,TRANSMEM,,3559.0,3582.0,Helical
J9T4N3,TRANSMEM,,3588.0,3606.0,Helical
J9T4N3,TRANSMEM,,3613.0,3634.0,Helical
J9T4N3,TRANSMEM,,3660.0,3678.0,Helical
J9T4N3,TRANSMEM,,3685.0,3701.0,Helical
J9T4N3,TRANSMEM,,3721.0,3743.0,Helical
J9T4N3,TRANSMEM,,3755.0,3774.0,Helical
J9T4N3,DOMAIN,,1003.0,1169.0,Macro
J9T4N3,DOMAIN,,1611.0,1875.0,Peptidase C16
J9T4N3,DOMAIN,,3241.0,3546.0,Peptidase C30
J9T4N3,DOMAIN,,4981.0,5143.0,RdRp catalytic
J9T4N3,DOMAIN,,5302.0,5385.0,CV ZBD
J9T4N3,DOMAIN,,5558.0,5909.0,(+)RNA virus helicase C-terminal
J9T4N3,REGION,,973.0,1004.0,Disordered
J9T4N3,REGION,,1175.0,1197.0,Disordered
J9T4N3,COMPBIAS,,973.0,997.0,Acidic residues
Q202E5,CHAIN,,14.0,667.0,Spike protein S1
Q202E5,CHAIN,,668.0,1255.0,Spike protein S2
Q202E5,CHAIN,,798.0,1255.0,Spike protein S2'
Q202E5,TOPO_DOM,,14.0,1195.0,Extracellular
Q202E5,TRANSMEM,,1196.0,1218.0,Helical
Q202E5,TOPO_DOM,,1217.0,1255.0,Cytoplasmic
Q202E5,DOMAIN,,34.0,324.0,bCoV_S1_N
Q202E5,DOMAIN,,335.0,512.0,bCoV_S1_RBD
Q202E5,DOMAIN,,522.0,578.0,CoV_S1_C
Q202E5,DOMAIN,,693.0,1214.0,CoV_S2
Q202E5,REGION,,306.0,527.0,Receptor-binding domain
Q202E5,REGION,,798.0,819.0,Fusion peptide 1
Q202E5,REGION,,817.0,837.0,Fusion peptide 2
Q202E5,REGION,,902.0,952.0,Heptad repeat 1
Q202E5,REGION,,1145.0,1184.0,Heptad repeat 2
Q202E5,COILED,,931.0,975.0,
Q202E5,COILED,,1157.0,1185.0,
Q202E5,MOTIF,,1251.0,1255.0,KxHxx
Q202E5,SITE,,667.0,668.0,Cleavage
Q202E5,SITE,,797.0,798.0,Cleavage
Q202E5,DISULFID,,323.0,348.0,
Q202E5,DISULFID,,366.0,419.0,
Q202E5,DISULFID,,822.0,833.0,
Q6S8E0,TRANSMEM,,2206.0,2231.0,Helical
Q6S8E0,TRANSMEM,,2314.0,2333.0,Helical
Q6S8E0,TRANSMEM,,2340.0,2371.0,Helical
Q6S8E0,TRANSMEM,,2749.0,2768.0,Helical
Q6S8E0,TRANSMEM,,3020.0,3042.0,Helical
Q6S8E0,TRANSMEM,,3054.0,3078.0,Helical
Q6S8E0,TRANSMEM,,3115.0,3134.0,Helical
Q6S8E0,TRANSMEM,,3559.0,3582.0,Helical
Q6S8E0,TRANSMEM,,3588.0,3606.0,Helical
Q6S8E0,TRANSMEM,,3613.0,3634.0,Helical
Q6S8E0,TRANSMEM,,3660.0,3678.0,Helical
Q6S8E0,TRANSMEM,,3685.0,3701.0,Helical
Q6S8E0,TRANSMEM,,3721.0,3743.0,Helical
Q6S8E0,TRANSMEM,,3755.0,3774.0,Helical
Q6S8E0,DOMAIN,,1003.0,1169.0,Macro
Q6S8E0,DOMAIN,,1611.0,1875.0,Peptidase C16
Q6S8E0,DOMAIN,,3241.0,3546.0,Peptidase C30
Q6S8E0,REGION,,972.0,1003.0,Disordered
Q6S8E0,REGION,,1175.0,1198.0,Disordered
Q6S8E0,COMPBIAS,,972.0,997.0,Acidic residues
A7J8L4,CHAIN,,14.0,667.0,Spike protein S1
A7J8L4,CHAIN,,668.0,1255.0,Spike protein S2
A7J8L4,CHAIN,,798.0,1255.0,Spike protein S2'
A7J8L4,TOPO_DOM,,14.0,1195.0,Extracellular
A7J8L4,TRANSMEM,,1196.0,1218.0,Helical
A7J8L4,TOPO_DOM,,1217.0,1255.0,Cytoplasmic
A7J8L4,DOMAIN,,34.0,324.0,bCoV_S1_N
A7J8L4,DOMAIN,,335.0,512.0,bCoV_S1_RBD
A7J8L4,DOMAIN,,522.0,578.0,CoV_S1_C
A7J8L4,DOMAIN,,693.0,1214.0,CoV_S2
A7J8L4,REGION,,306.0,527.0,Receptor-binding domain
A7J8L4,REGION,,798.0,819.0,Fusion peptide 1
A7J8L4,REGION,,817.0,837.0,Fusion peptide 2
A7J8L4,REGION,,902.0,952.0,Heptad repeat 1
A7J8L4,REGION,,1145.0,1184.0,Heptad repeat 2
A7J8L4,COILED,,931.0,975.0,
A7J8L4,COILED,,1157.0,1185.0,
A7J8L4,MOTIF,,1251.0,1255.0,KxHxx
A7J8L4,SITE,,667.0,668.0,Cleavage
A7J8L4,SITE,,797.0,798.0,Cleavage
A7J8L4,DISULFID,,323.0,348.0,
A7J8L4,DISULFID,,366.0,419.0,
A7J8L4,DISULFID,,822.0,833.0,
J9TC74,TRANSMEM,,39.0,56.0,Helical
J9TC74,TRANSMEM,,77.0,99.0,Helical
J9TC74,TRANSMEM,,105.0,125.0,Helical
J9TE86,TOPO_DOM,,1.0,16.0,Virion surface
J9TE86,TRANSMEM,,12.0,37.0,Helical
J9TE86,TOPO_DOM,,38.0,76.0,Intravirion
